{
  "head": "head",
  "portraitScale": 1.8,
  "portraitTranslation": [ -0.2, -0.3, 0 ],
  "profileScale": 0.8,
  "profileTranslation": [ 0, 0.35, 0 ],
  "faint": "bedrock(metang, faint)",
  "poses": {
    "standing": {
      "poseName": "standing",
      "transformTicks": 10,
      "poseTypes": [
        "STAND",
        "NONE",
        "PORTRAIT",
        "PROFILE"
      ],
      "animations": [
        "look",
        "bedrock(metang, ground_idle)"
      ]
    },
    "walking": {
      "poseName": "walking",
      "transformTicks": 10,
      "poseTypes": [ "WALK" ],
      "animations": [ "bedrock(metang, ground_walk)" ]
    },
	"flying": {
      "poseName": "flying",
      "transformTicks": 10,
      "poseTypes": [ "FLY" ],
      "animations": [ "bedrock(metang, air_fly)" ]
    },
	"hovering": {
      "poseName": "hovering",
      "transformTicks": 10,
      "poseTypes": [ "HOVER" ],
      "animations": [ "bedrock(metang, air_idle)" ]
    }
  }
}