{
  "head": "head",
  "portraitScale": 1.4,
  "portraitTranslation": [-0.3, 0.6, 0],
  "profileScale": 0.7,
  "profileTranslation": [0, 0.6, 0],
  "faint": "bedrock(metagross, faint)",
  "poses": {
    "standing": {
      "poseName": "standing",
      "transformTicks": 10,
      "poseTypes": ["STAND", "NONE", "PORTRAIT", "PROFILE", "FLOAT"],
      "animations": [
        "look",
        "bedrock(metagross, ground_idle)"
      ]
    },
    "walking": {
      "poseName": "walking",
      "transformTicks": 10,
      "poseTypes": ["WALK", "SWIM"],
      "animations": [
        "look",
        "bedrock(metagross, ground_walk)"
      ]
    }
  }
}