{
  "type": "minecraft:jigsaw",
  "biomes": [
    "minecraft:windswept_hills",
    "minecraft:windswept_gravelly_hills",
    "minecraft:windswept_forest",
    "minecraft:stony_peaks"
  ],
  "step": "surface_structures",
  "spawn_overrides": {},
  "terrain_adaptation": "beard_thin",
  "start_pool": "pokenests:geodude_nest",
  "size": 2,
  "start_height": {
    "absolute": 0
  },
  "project_start_to_heightmap": "WORLD_SURFACE_WG",
  "max_distance_from_center": 80,
  "use_expansion_hack": false
}
