{
  "name": "Heracross",
  "nationalPokedexNumber": 214,
  "primaryType": "bug",
  "secondaryType": "fighting",
  "abilities": [
    "swarm",
    "guts",
    "h:moxie"
  ],
  "baseStats": {
    "hp": 80,
    "attack": 125,
    "defence": 75,
    "special_attack": 40,
    "special_defence": 95,
    "speed": 85
  },
  "catchRate": 45,
  "maleRatio": 0.5,
  "shoulderMountable": false,
  "forms": [
    {
      "name": "Mega",
      "primaryType": "bug",
      "secondaryType": "fighting",
      "abilities": [
        "skilllink"
      ],
      "baseStats": {
        "hp": 80,
        "attack": 185,
        "defence": 115,
        "special_attack": 40,
        "special_defence": 105,
        "speed": 75
      },
      "catchRate": 45,
      "maleRatio": 0.5,
      "baseExperienceYield": 210,
      "baseFriendship": 50,
      "evYield": {
        "hp": 0,
        "attack": 2,
        "defence": 0,
        "special_attack": 0,
        "special_defence": 0,
        "speed": 0
      },
      "experienceGroup": "slow",
      "eggCycles": 25,
      "eggGroups": [
        "bug"
      ],
      "moves": [],
      "labels": [
        "gen6",
        "mega"
      ],
      "aspects": [
        "mega"
      ],
      "height": 17,
      "weight": 625,
      "evolutions": [],
      "cannotDynamax": false,
      "battleOnly": true
    }
  ],
  "baseExperienceYield": 175,
  "experienceGroup": "slow",
  "eggCycles": 25,
  "eggGroups": [
    "bug"
  ],
  "behaviour": {
    "resting": {
      "canSleep": true,
      "willSleepOnBed": false,
      "depth": "normal",
      "light": "0-4"
    },
    "moving": {
      "fly": {
        "canFly": true
      }
    }
  },
  "moves": [
    "1:armthrust",
    "1:leer",
    "1:tackle",
    "5:furyattack",
    "10:endure",
    "15:aerialace",
    "16:chipaway",
    "20:hornattack",
    "25:counter",
    "30:brickbreak",
    "35:pinmissile",
    "40:throatchop",
    "45:thrash",
    "50:swordsdance",
    "55:megahorn",
    "60:closecombat",
    "egg:bide",
    "egg:doubleedge",
    "egg:feint",
    "egg:flail",
    "egg:focuspunch",
    "egg:harden",
    "egg:nightslash",
    "egg:pursuit",
    "egg:seismictoss",
    "tm:aerialace",
    "tm:assurance",
    "tm:attract",
    "tm:bodyslam",
    "tm:brickbreak",
    "tm:brutalswing",
    "tm:bugbuzz",
    "tm:bulkup",
    "tm:bulldoze",
    "tm:bulletseed",
    "tm:captivate",
    "tm:closecombat",
    "tm:confide",
    "tm:dig",
    "tm:doubleteam",
    "tm:earthquake",
    "tm:endure",
    "tm:facade",
    "tm:falseswipe",
    "tm:fling",
    "tm:focusblast",
    "tm:frustration",
    "tm:gigaimpact",
    "tm:helpinghand",
    "tm:hiddenpower",
    "tm:highhorsepower",
    "tm:hyperbeam",
    "tm:irondefense",
    "tm:lowkick",
    "tm:naturalgift",
    "tm:pounce",
    "tm:protect",
    "tm:raindance",
    "tm:rest",
    "tm:retaliate",
    "tm:return",
    "tm:revenge",
    "tm:reversal",
    "tm:rockblast",
    "tm:rockslide",
    "tm:rocktomb",
    "tm:round",
    "tm:secretpower",
    "tm:shadowclaw",
    "tm:sleeptalk",
    "tm:smackdown",
    "tm:smartstrike",
    "tm:snore",
    "tm:spikes",
    "tm:stoneedge",
    "tm:strugglebug",
    "tm:substitute",
    "tm:sunnyday",
    "tm:swagger",
    "tm:swordsdance",
    "tm:takedown",
    "tm:terablast",
    "tm:thief",
    "tm:toxic",
    "tm:trailblaze",
    "tm:venoshock",
    "tm:workup",
    "tutor:bide",
    "tutor:bugbite",
    "tutor:coaching",
    "tutor:curse",
    "tutor:cut",
    "tutor:detect",
    "tutor:doubleteam",
    "tutor:focuspunch",
    "tutor:frustration",
    "tutor:furycutter",
    "tutor:headbutt",
    "tutor:hiddenpower",
    "tutor:knockoff",
    "tutor:mimic",
    "tutor:return",
    "tutor:rocksmash",
    "tutor:strength",
    "tutor:swagger",
    "tutor:toxic",
    "tutor:vacuumwave"
  ],
  "labels": [
    "gen2"
  ],
  "pokedex": [
    "cobblemon.species.heracross.desc"
  ],
  "evolutions": [],
  "baseScale": 1,
  "hitbox": {
    "width": 1.2,
    "height": 2.25,
    "fixed": false
  },
  "baseFriendship": 50,
  "evYield": {
    "hp": 0,
    "attack": 2,
    "defence": 0,
    "special_attack": 0,
    "special_defence": 0,
    "speed": 0
  },
  "height": 15,
  "weight": 540,
  "aspects": [],
  "cannotDynamax": false
}