{
  "name": "Gallade",
  "nationalPokedexNumber": 475,
  "primaryType": "psychic",
  "secondaryType": "fighting",
  "abilities": [
    "steadfast",
    "sharpness",
    "h:justified"
  ],
  "baseStats": {
    "hp": 68,
    "attack": 125,
    "defence": 65,
    "special_attack": 65,
    "special_defence": 115,
    "speed": 80
  },
  "catchRate": 45,
  "maleRatio": 1,
  "shoulderMountable": false,
  "forms": [
    {
      "name": "Mega",
      "primaryType": "psychic",
      "secondaryType": "fighting",
      "abilities": [
        "innerfocus"
      ],
      "baseStats": {
        "hp": 68,
        "attack": 165,
        "defence": 95,
        "special_attack": 65,
        "special_defence": 115,
        "speed": 110
      },
      "catchRate": 45,
      "maleRatio": 1,
      "baseExperienceYield": 278,
      "baseFriendship": 35,
      "evYield": {
        "hp": 0,
        "attack": 3,
        "defence": 0,
        "special_attack": 0,
        "special_defence": 0,
        "speed": 0
      },
      "experienceGroup": "slow",
      "eggCycles": 20,
      "eggGroups": [
        "amorphous"
      ],
      "moves": [],
      "labels": [
        "gen6",
        "mega"
      ],
      "aspects": [
        "mega"
      ],
      "height": 16,
      "weight": 564,
      "evolutions": [],
      "cannotDynamax": false,
      "battleOnly": true
    }
  ],
  "baseExperienceYield": 259,
  "experienceGroup": "slow",
  "eggCycles": 20,
  "eggGroups": [
    "human_like",
    "amorphous"
  ],
  "behaviour": {
    "resting": {
      "canSleep": true,
      "willSleepOnBed": false,
      "depth": "normal",
      "light": "0-4"
    }
  },
  "moves": [
    "1:aquacutter",
    "1:calmmind",
    "1:charm",
    "1:confusion",
    "1:disarmingvoice",
    "1:doubleteam",
    "1:drainingkiss",
    "1:dreameater",
    "1:furycutter",
    "1:futuresight",
    "1:growl",
    "1:hypnosis",
    "1:imprison",
    "1:leafblade",
    "1:leer",
    "1:lifedew",
    "1:nightslash",
    "1:psybeam",
    "1:psychic",
    "1:sacredsword",
    "9:helpinghand",
    "12:feint",
    "15:teleport",
    "18:aerialace",
    "23:falseswipe",
    "28:protect",
    "35:swordsdance",
    "42:psychocut",
    "49:healpulse",
    "56:quickguard",
    "56:wideguard",
    "63:closecombat",
    "tm:aerialace",
    "tm:agility",
    "tm:airslash",
    "tm:allyswitch",
    "tm:attract",
    "tm:aurasphere",
    "tm:bodyslam",
    "tm:brickbreak",
    "tm:bulkup",
    "tm:bulldoze",
    "tm:calmmind",
    "tm:captivate",
    "tm:chargebeam",
    "tm:charm",
    "tm:closecombat",
    "tm:confide",
    "tm:confuseray",
    "tm:cut",
    "tm:dazzlinggleam",
    "tm:disarmingvoice",
    "tm:drainingkiss",
    "tm:drainpunch",
    "tm:earthquake",
    "tm:echoedvoice",
    "tm:encore",
    "tm:endure",
    "tm:energyball",
    "tm:facade",
    "tm:falseswipe",
    "tm:firepunch",
    "tm:flash",
    "tm:fling",
    "tm:focusblast",
    "tm:frustration",
    "tm:gigaimpact",
    "tm:grassknot",
    "tm:helpinghand",
    "tm:hex",
    "tm:hiddenpower",
    "tm:hyperbeam",
    "tm:hypervoice",
    "tm:icepunch",
    "tm:icywind",
    "tm:imprison",
    "tm:lightscreen",
    "tm:lowkick",
    "tm:lowsweep",
    "tm:magicalleaf",
    "tm:magicroom",
    "tm:megakick",
    "tm:megapunch",
    "tm:mistyterrain",
    "tm:naturalgift",
    "tm:nightshade",
    "tm:poisonjab",
    "tm:poweruppunch",
    "tm:protect",
    "tm:psybeam",
    "tm:psychic",
    "tm:psychicterrain",
    "tm:psychup",
    "tm:psyshock",
    "tm:raindance",
    "tm:reflect",
    "tm:rest",
    "tm:retaliate",
    "tm:return",
    "tm:revenge",
    "tm:reversal",
    "tm:rockslide",
    "tm:rocksmash",
    "tm:rocktomb",
    "tm:round",
    "tm:safeguard",
    "tm:secretpower",
    "tm:shadowball",
    "tm:shadowclaw",
    "tm:skillswap",
    "tm:sleeptalk",
    "tm:snore",
    "tm:solarblade",
    "tm:stoneedge",
    "tm:storedpower",
    "tm:strength",
    "tm:substitute",
    "tm:sunnyday",
    "tm:swagger",
    "tm:swift",
    "tm:swordsdance",
    "tm:takedown",
    "tm:taunt",
    "tm:terablast",
    "tm:thief",
    "tm:throatchop",
    "tm:thunderbolt",
    "tm:thunderpunch",
    "tm:thunderwave",
    "tm:torment",
    "tm:toxic",
    "tm:trick",
    "tm:trickroom",
    "tm:willowisp",
    "tm:wonderroom",
    "tm:workup",
    "tm:xscissor",
    "tm:zenheadbutt",
    "tutor:coaching",
    "tutor:dualchop",
    "tutor:expandingforce",
    "tutor:focuspunch",
    "tutor:headbutt",
    "tutor:knockoff",
    "tutor:laserfocus",
    "tutor:magiccoat",
    "tutor:mudslap",
    "tutor:painsplit",
    "tutor:recycle",
    "tutor:shockwave",
    "tutor:signalbeam",
    "tutor:snatch",
    "tutor:telekinesis",
    "tutor:tripleaxel",
    "tutor:vacuumwave"
  ],
  "labels": [
    "gen4"
  ],
  "pokedex": [
    "cobblemon.species.gallade.desc"
  ],
  "preEvolution": "kirlia",
  "evolutions": [],
  "baseScale": 1,
  "hitbox": {
    "width": 1.1,
    "height": 2.4,
    "fixed": false
  },
  "baseFriendship": 35,
  "evYield": {
    "hp": 0,
    "attack": 3,
    "defence": 0,
    "special_attack": 0,
    "special_defence": 0,
    "speed": 0
  },
  "height": 16,
  "weight": 520,
  "aspects": [],
  "cannotDynamax": false
}