{
    "enabled": true,
    "neededInstalledMods": [],
    "neededUninstalledMods": [],
    "spawns": [
        {
            "id": "arbok-classic-1",
            "pokemon": "arbok snake-pattern=classic",
            "presets": [
                "natural"
            ],
            "type": "pokemon",
            "context": "grounded",
            "bucket": "common",
            "level": "22-45",
            "weight": 0.45,
            "condition": {
                "canSeeSky": true,
                "minHeight": 2,
                "minWidth": 3,
                "biomes": [
                    "#cobblemon:is_arid"
                ]
            }
        },
		{
            "id": "arbok-legacy-1",
            "pokemon": "arbok snake-pattern=legacy",
            "presets": [
                "natural"
            ],
            "type": "pokemon",
            "context": "grounded",
            "bucket": "common",
            "level": "22-45",
            "weight": 0.03,
            "condition": {
                "canSeeSky": true,
                "minHeight": 2,
                "minWidth": 3,
                "biomes": [
                    "#cobblemon:is_arid"
                ]
            }
        },
		{
            "id": "arbok-attack-1",
            "pokemon": "arbok snake-pattern=attack",
            "presets": [
                "natural"
            ],
            "type": "pokemon",
            "context": "grounded",
            "bucket": "common",
            "level": "22-45",
            "weight": 0.03,
            "condition": {
                "canSeeSky": true,
                "minHeight": 2,
                "minWidth": 3,
                "biomes": [
                    "#cobblemon:is_arid"
                ]
            }
        },
		{
            "id": "arbok-speed-1",
            "pokemon": "arbok snake-pattern=speed",
            "presets": [
                "natural"
            ],
            "type": "pokemon",
            "context": "grounded",
            "bucket": "common",
            "level": "22-45",
            "weight": 0.03,
            "condition": {
                "canSeeSky": true,
                "minHeight": 2,
                "minWidth": 3,
                "biomes": [
                    "#cobblemon:is_arid"
                ]
            }
        },
		{
            "id": "arbok-elusive-1",
            "pokemon": "arbok snake-pattern=elusive",
            "presets": [
                "natural"
            ],
            "type": "pokemon",
            "context": "grounded",
            "bucket": "common",
            "level": "22-45",
            "weight": 0.03,
            "condition": {
                "canSeeSky": true,
                "minHeight": 2,
                "minWidth": 3,
                "biomes": [
                    "#cobblemon:is_arid"
                ]
            }
        },
		{
            "id": "arbok-sound-1",
            "pokemon": "arbok snake-pattern=sound",
            "presets": [
                "natural"
            ],
            "type": "pokemon",
            "context": "grounded",
            "bucket": "common",
            "level": "22-45",
            "weight": 0.03,
            "condition": {
                "canSeeSky": true,
                "minHeight": 2,
                "minWidth": 3,
                "biomes": [
                    "#cobblemon:is_arid"
                ]
            }
        },
        {
            "id": "arbok-dark-1",
            "pokemon": "arbok snake-pattern=dark",
            "presets": [
                "natural"
            ],
            "type": "pokemon",
            "context": "grounded",
            "bucket": "common",
            "level": "22-45",
            "weight": 0.6,
            "condition": {
                "biomes": [
                    "minecraft:soul_sand_valley"
                ],
                "minWidth": 2,
                "minHeight": 2
            }
        }
    ]
}