{
    "enabled": true,
    "neededInstalledMods": [],
    "neededUninstalledMods": [],
    "spawns": [
        {
            "id": "sandshrew-1",
            "pokemon": "sandshrew",
            "presets": [
                "natural"
            ],
            "type": "pokemon",
            "context": "grounded",
            "bucket": "common",
            "level": "6-30",
            "weight": 9.0,
            "condition": {
                "biomes": [
                    "#cobblemon:is_sandy"
                ]
            }
        },
        {
            "id": "sandshrew-2",
            "pokemon": "sandshrew",
            "type": "pokemon",
            "context": "grounded",
            "bucket": "common",
            "level": "6-30",
            "weight": 50.0,
            "condition": {
                "biomes": [
                    "#cobblemon:is_arid"
                ],
                "canSeeSky": true,
                "minY": 63,
                "neededBaseBlocks": [
                    "minecraft:sand"
                ]
            }
        }
    ]
}