{
    "enabled": true,
    "neededInstalledMods": [],
    "neededUninstalledMods": [],
    "spawns": [
        {
            "id": "ninetales-1",
            "pokemon": "ninetales",
            "presets": [
                "natural"
            ],
            "type": "pokemon",
            "context": "grounded",
            "bucket": "uncommon",
            "level": "31-50",
            "weight": 0.06,
            "condition": {
                "canSeeSky": true,
                "biomes": [
                    "#cobblemon:is_forest"
                ],
                "timeRange": "twilight"
            },
            "anticondition": {
                "biomes": [
                    "#cobblemon:is_freezing"
                ]
            }
        },
        {
            "id": "ninetales-2",
            "pokemon": "ninetales",
            "presets": [
                "cave_den"
            ],
            "type": "pokemon",
            "context": "grounded",
            "bucket": "common",
            "level": "30-45",
            "weight": 25,
            "condition": {
                "biomes": [
                    "#cobblemon:is_forest"
                ]
            },
            "anticondition": {
                "biomes": [
                    "#cobblemon:is_freezing"
                ]
            }
        },
        {
            "id": "ninetales-alolan-1",
            "pokemon": "ninetales alolan",
            "presets": [
                "natural"
            ],
            "type": "pokemon",
            "context": "grounded",
            "bucket": "uncommon",
            "level": "31-50",
            "weight": 0.06,
            "condition": {
                "canSeeSky": true,
                "biomes": [
                    "#cobblemon:is_snowy"
                ],
                "timeRange": "twilight"
            }
        },
		{
            "id": "ninetales-alolan-2",
            "pokemon": "ninetales alolan",
            "presets": [
                "natural"
            ],
            "type": "pokemon",
            "context": "grounded",
            "bucket": "uncommon",
            "level": "16-30",
            "weight": 50,
            "condition": {
                "canSeeSky": true,
                "isRaining": true,
                "biomes": [
                    "#cobblemon:is_snowy"
                ],
                "neededNearbyBlocks": [
                    "minecraft:grass"
                ]
            }
        }
    ]
}