{
    "enabled": true,
    "neededInstalledMods": [],
    "neededUninstalledMods": [],
    "spawns": [
        {
            "id": "primeape-1",
            "pokemon": "primeape",
            "presets": [
                "natural",
                "treetop"
            ],
            "type": "pokemon",
            "context": "grounded",
            "bucket": "common",
            "level": "28-45",
            "weight": 0.54,
            "condition": {
                "canSeeSky": true,
                "biomes": [
                    "#cobblemon:is_hills",
                    "#cobblemon:is_jungle"
                ]
            }
        },
        {
            "id": "primeape-2",
            "pokemon": "primeape",
            "presets": [
                "natural"
            ],
            "type": "pokemon",
            "context": "grounded",
            "bucket": "uncommon",
            "level": "35-50",
            "weight": 100.0,
            "condition": {
                "canSeeSky": true,
                "isRaining": false,
                "timeRange": "noon",
                "biomes": [
                    "#cobblemon:is_hills",
                    "#cobblemon:is_jungle"
                ]
            }
        }
    ]
}