{
    "enabled": true,
    "neededInstalledMods": [],
    "neededUninstalledMods": [],
    "spawns": [
        {
            "id": "growlithe-1",
            "pokemon": "growlithe",
            "presets": [
                "natural",
				"urban"
            ],
            "type": "pokemon",
            "context": "grounded",
            "bucket": "uncommon",
            "level": "12-35",
            "weight": 5.94,
            "condition": {
                "canSeeSky": true,
                "biomes": [
                    "#cobblemon:is_forest",
                    "#cobblemon:is_grassland",
                    "#cobblemon:is_snowy",
                    "#cobblemon:is_tundra"
                ],
                "timeRange": "day"
            },
            "anticondition": {
                "biomes": [
                    "#cobblemon:is_spooky"
                ]
            }
        },
        {
            "id": "growlithe-1",
            "pokemon": "growlithe",
            "presets": [
                "village_roads"
            ],
            "type": "pokemon",
            "context": "grounded",
            "bucket": "common",
            "level": "5-20",
            "weight": 50,
            "condition": {
                "biomes": [
                    "#cobblemon:is_temperate"
                ],
                "timeRange": "day"
            }
        }
    ]
}