{
    "enabled": true,
    "neededInstalledMods": [],
    "neededUninstalledMods": [],
    "spawns": [
        {
            "id": "arcanine-1",
            "pokemon": "arcanine",
			"presets": [
                "urban",
                "natural"
            ],
            "type": "pokemon",
            "context": "grounded",
            "bucket": "uncommon",
            "level": "36-55",
            "weight": 0.06,
            "condition": {
                "canSeeSky": true,
                "biomes": [
                    "#cobblemon:is_forest",
                    "#cobblemon:is_grassland",
                    "#cobblemon:is_snowy",
                    "#cobblemon:is_tundra"
                ],
                "timeRange": "day"
            },
            "anticondition": {
                "biomes": [
                    "#cobblemon:is_spooky"
                ]
            }
        },
        {
            "id": "arcanine-1",
            "pokemon": "arcanine",
            "presets": [
                "village_roads"
            ],
            "type": "pokemon",
            "context": "grounded",
            "bucket": "rare",
            "level": "30-50",
            "weight": 50,
            "condition": {
                "biomes": [
                    "#cobblemon:is_temperate"
                ],
                "timeRange": "day"
            }
        }
    ]
}