{
    "enabled": true,
    "neededInstalledMods": [],
    "neededUninstalledMods": [],
    "spawns": [
        {
            "id": "abra-1",
            "pokemon": "abra",
            "presets": [
                "natural"
            ],
            "type": "pokemon",
            "context": "grounded",
            "bucket": "rare",
            "level": "5-31",
            "weight": 9.0,
            "condition": {
                "canSeeSky": true,
                "biomes": [
                    "#cobblemon:is_hills",
                    "#cobblemon:is_temperate"
                ],
                "timeRange": "night"
            }
        },
        {
            "id": "abra-2",
            "pokemon": "abra",
            "type": "pokemon",
            "context": "grounded",
            "bucket": "common",
            "level": "5-25",
            "weight": 0.5,
            "condition": {
                "biomes": [
                    "#cobblemon:is_overworld"
                ],
                "timeRange": "day",
                "minY": 62,
                "neededNearbyBlocks": [
                    "minecraft:grass",
                    "minecraft:tall_grass",
                    "#minecraft:leaves"
                ]
            },
            "anticondition": {
                "biomes": [
                    "#minecraft:is_ocean"
                ]
            }
        }
    ]
}