{
    "enabled": true,
    "neededInstalledMods": [],
    "neededUninstalledMods": [],
    "spawns": [
        {
            "id": "machop-1",
            "pokemon": "machop",
            "presets": [
                "natural"
            ],
            "type": "pokemon",
            "context": "grounded",
            "bucket": "common",
            "level": "12-30",
            "weight": 5.4,
            "condition": {
                "canSeeSky": true,
                "biomes": [
                    "#cobblemon:is_hills"
                ],
                "timeRange": "day"
            }
        },
        {
            "id": "machop-2",
            "pokemon": "machop",
            "presets": [
                "mineshaft"
            ],
            "type": "pokemon",
            "context": "grounded",
            "bucket": "common",
            "level": "20-30",
            "weight": 50,
            "condition": {
                "biomes": [
                    "#cobblemon:is_overworld"
                ],
                "timeRange": "day"
            }
        }
    ]
}