{
    "enabled": "true",
    "neededInstalledMods": [],
    "neededUninstalledMods": [],
    "spawns": [
        {
            "id": "tentacool-1",
            "pokemon": "tentacool",
            "presets": [
                "underwater"
            ],
            "type": "pokemon",
            "context": "submerged",
            "bucket": "common",
            "level": "8-33",
            "weight": 9.0,
            "condition": {
                "canSeeSky": true,
                "biomes": [
                    "#minecraft:is_deep_ocean"
                ],
                "maxHeight": 52
            }
        },
        {
            "id": "tentacool-2",
            "pokemon": "tentacool",
            "presets": [
                "underwater"
            ],
            "type": "pokemon",
            "context": "submerged",
            "bucket": "common",
            "level": "8-33",
            "weight": 5.4,
            "condition": {
                "canSeeSky": true,
                "biomes": [
                    "#minecraft:is_ocean"
                ]
            },
            "anticondition": {
                "biomes": [
                    "#minecraft:is_deep_ocean"
                ]
            }
        },
        {
            "id": "tentacool-3",
            "pokemon": "tentacool",
            "presets": [
                "twilight_zone",
                "midnight_zone"
            ],
            "type": "pokemon",
            "context": "submerged",
            "bucket": "common",
            "level": "10-33",
            "weight": 50,
            "condition": {
                "canSeeSky": true,
                "biomes": [
                    "#minecraft:is_ocean"
                ],
                "timeRange": "midnight"
            }
        }
    ]
}