{
    "enabled": true,
    "neededInstalledMods": [],
    "neededUninstalledMods": [],
    "spawns": [
        {
            "id": "ponyta-1",
            "pokemon": "ponyta",
            "presets": [
                "natural"
            ],
            "type": "pokemon",
            "context": "grounded",
            "bucket": "uncommon",
            "level": "20-41",
            "weight": 5.4,
            "condition": {
                "canSeeSky": true,
                "biomes": [
                    "#cobblemon:is_grassland"
                ],
                "timeRange": "day",
                "isRaining": false
            }
        },
        {
            "id": "ponyta-2",
            "pokemon": "ponyta",
            "presets": [
                "natural"
            ],
            "type": "pokemon",
            "context": "grounded",
            "bucket": "uncommon",
            "level": "20-41",
            "weight": 5.4,
            "condition": {
                "biomes": [
                    "minecraft:nether_wastes"
                ]
            }
        },
        {
            "id": "ponyta-3",
            "pokemon": "ponyta",
            "presets": [
                "near_campfire"
            ],
            "type": "pokemon",
            "context": "grounded",
            "bucket": "common",
            "level": "20-41",
            "weight": 50,
            "condition": {
                "canSeeSky": true,
                "biomes": [
                    "#cobblemon:is_grassland"
                ],
                "timeRange": "day",
                "isRaining": false
            },
            "anticondition": {
                "neededNearbyBlocks": [
                    "minecraft:tuff"
                ]
            }
        }
    ]
}