{
    "enabled": true,
    "neededInstalledMods": [],
    "neededUninstalledMods": [],
    "spawns": [
        {
            "id": "dodrio-1",
            "pokemon": "dodrio",
            "presets": [
                "natural"
            ],
            "type": "pokemon",
            "context": "grounded",
            "bucket": "common",
            "level": "31-47",
            "weight": 0.5,
            "condition": {
                "canSeeSky": true,
                "biomes": [
                    "#cobblemon:is_savanna"
                ],
                "timeRange": "day"
            }
        },
        {
            "id": "dodrio-2",
            "pokemon": "dodrio",
            "type": "pokemon",
            "context": "grounded",
            "bucket": "uncommon",
            "level": "31-50",
            "weight": 50,
            "condition": {
                "canSeeSky": true,
                "biomes": [
                    "#cobblemon:is_savanna"
                ],
                "neededBaseBlocks": [
                    "minecraft:dirt"
                ],
                "neededNearbyBlocks": [
                    "minecraft:stone_button"
                ]
            }
        },
        {
            "id": "dodrio-3",
            "pokemon": "dodrio",
            "presets": [
                "near_water"
            ],
            "type": "pokemon",
            "context": "grounded",
            "bucket": "uncommon",
            "level": "35-45",
            "weight": 10.0,
            "condition": {
                "canSeeSky": true,
                "biomes": [
                    "#cobblemon:is_savanna"
                ],
                "timeRange": "day"
            }
        }
    ]
}