{
    "enabled": true,
    "neededInstalledMods": [],
    "neededUninstalledMods": [],
    "spawns": [
        {
            "id": "muk-1",
            "pokemon": "muk",
            "presets": [
                "natural"
            ],
            "type": "pokemon",
            "context": "grounded",
            "bucket": "common",
            "level": "38-50",
            "weight": 0.2,
            "condition": {
                "canSeeSky": true,
                "biomes": [
                    "#cobblemon:is_swamp"
                ]
            }
        },
        {
            "id": "muk-2",
            "pokemon": "muk",
            "presets": [
                "underwater"
            ],
            "type": "pokemon",
            "context": "submerged",
            "bucket": "uncommon",
            "level": "40-50",
            "weight": 50,
            "condition": {
                "canSeeSky": true,
                "maxY": 60,
                "biomes": [
                    "#cobblemon:is_river",
                    "#minecraft:is_ocean"
                ],
                "neededNearbyBlocks": [
                    "minecraft:composter"
                ]
            }
        }
    ]
}