{
    "enabled": true,
    "neededInstalledMods": [],
    "neededUninstalledMods": [],
    "spawns": [
        {
            "id": "shellder-1",
            "pokemon": "shellder",
            "presets": [
                "underwater"
            ],
            "type": "pokemon",
            "context": "seafloor",
            "bucket": "common",
            "level": "12-30",
            "weight": 9.9,
            "condition": {
                "canSeeSky": true,
                "biomes": [
                    "#minecraft:is_ocean"
                ]
            }
        },
        {
            "id": "shellder-2",
            "pokemon": "shellder",
            "presets": [
                "sunlight_zone"
            ],
            "type": "pokemon",
            "bucket": "common",
            "level": "12-30",
            "weight": 50,
            "condition": {
                "canSeeSky": true,
                "biomes": [
                    "#minecraft:is_ocean"
                ],
                "neededNearbyBlocks": [
                    "minecraft:cobblestone"
                ]
            }
        }
    ]
}