{
    "enabled": true,
    "neededInstalledMods": [],
    "neededUninstalledMods": [],
    "spawns": [
        {
            "id": "onix-1",
            "pokemon": "onix",
            "presets": [
                "underground"
            ],
            "type": "pokemon",
            "context": "grounded",
            "bucket": "common",
            "level": "20-38",
            "weight": 100,
            "condition": {
                "canSeeSky": false,
                "biomes": [
                    "#cobblemon:is_overworld"
                ],
                "minHeight": 5,
                "minWidth":3
            },
            "anticondition": {
                "biomes": [
                    "#cobblemon:is_abyss"
                ],
                "neededNearbyBlocks": [
                    "minecraft:water",
                    "minecraft:lava"
                ]
            }
        },
        {
            "id": "onix-2",
            "pokemon": "onix",
            "type": "pokemon",
            "context": "grounded",
            "bucket": "common",
            "level": "10-30",
            "weight": 50,
            "condition": {
                "canSeeSky": true,
                "biomes": [
                    "#cobblemon:is_hills"
                ],
                "minHeight": 5,
                "minWidth":3,
                "neededBaseBlocks": [
                    "minecraft:dirt"
                ],
                "neededNearbyBlocks": [
                    "minecraft:iron_ore"
                ]
            },
            "anticondition": {
                "neededNearbyBlocks": [
                    "minecraft:water",
                    "minecraft:lava",
                    "minecraft:stonecutter"
                ]
            }
        }
    ]
}