{
    "enabled": true,
    "neededInstalledMods": [],
    "neededUninstalledMods": [],
    "spawns": [
        {
            "id": "voltorb-1",
            "pokemon": "voltorb",
            "presets": [
                "natural",
				"urban"
            ],
            "type": "pokemon",
            "context": "grounded",
            "bucket": "uncommon",
            "level": "13-33",
            "weight": 1.8,
            "condition": {
                "canSeeSky": true,
                "biomes": [
                    "#cobblemon:is_overworld"
                ]
            }
        },
        {
            "id": "voltorb-2",
            "pokemon": "voltorb",
            "presets": [
                "natural"
            ],
            "type": "pokemon",
            "context": "grounded",
            "bucket": "common",
            "level": "5-30",
            "weight": 50,
            "condition": {
                "canSeeSky": true,
                "biomes": [
                    "#cobblemon:is_temperate",
                    "#cobblemon:is_arid",
                    "#cobblemon:is_freezing"
                ],
                "timeRange": "day",
                "neededNearbyBlocks": [
                    "minecraft:tnt"
                ]
            }
        }
    ]
}