{
    "enabled": true,
    "neededInstalledMods": [],
    "neededUninstalledMods": [],
    "spawns": [
        {
            "id": "hitmonlee-1",
            "pokemon": "hitmonlee",
            "presets": [
                "natural"
            ],
            "type": "pokemon",
            "context": "grounded",
            "bucket": "uncommon",
            "level": "20-45",
            "weight": 0.02,
            "condition": {
                "canSeeSky": true,
                "biomes": [
                    "#cobblemon:is_hills"
                ],
                "timeRange": "day"
            }
        },
        {
            "id": "hitmonlee-2",
            "pokemon": "hitmonlee",
            "presets": [
                "natural"
            ],
            "type": "pokemon",
            "context": "grounded",
            "bucket": "uncommon",
            "level": "20-45",
            "weight": 50,
            "condition": {
                "canSeeSky": true,
                "biomes": [
                    "#cobblemon:is_hills"
                ],
                "timeRange": "day",
                "neededNearbyBlocks": [
                    "minecraft:stripped_oak_log"
                ]
            }
        }
    ]
}