{
    "enabled": true,
    "neededInstalledMods": [],
    "neededUninstalledMods": [],
    "spawns": [
        {
            "id": "koffing-1",
            "pokemon": "koffing",
            "presets": [
                "natural"
            ],
            "type": "pokemon",
            "context": "grounded",
            "bucket": "common",
            "level": "12-34",
            "weight": 1.8,
            "condition": {
                "canSeeSky": true,
                "biomes": [
                    "#cobblemon:is_swamp"
                ]
            }
        },
        {
            "id": "koffing-2",
            "pokemon": "koffing",
            "presets": [
                "natural"
            ],
            "type": "pokemon",
            "context": "grounded",
            "bucket": "common",
            "level": "12-34",
            "weight": 1.8,
            "condition": {
                "biomes": [
                    "#minecraft:is_nether"
                ]
            }
        },
        {
            "id": "koffing-3",
            "pokemon": "koffing",
            "type": "pokemon",
            "context": "grounded",
            "bucket": "common",
            "level": "12-34",
            "weight": 100,
            "condition": {
                "canSeeSky": true,
                "minY": 63,
                "neededBaseBlocks": [
                    "minecraft:furnace"
                ],
                "neededNearbyBlocks": [
                    "minecraft:composter"
                ],
                "biomes": [
                    "#minecraft:is_overworld"
                ]
            }
        }
    ]
}