{
    "enabled": true,
    "neededInstalledMods": [],
    "neededUninstalledMods": [],
    "spawns": [
        {
            "id": "staryu-1",
            "pokemon": "staryu",
            "presets": [
                "natural"
            ],
            "type": "pokemon",
            "context": "grounded",
            "bucket": "uncommon",
            "level": "12-34",
            "weight": 9.9,
            "condition": {
                "canSeeSky": true,
                "biomes": [
                    "#cobblemon:is_coast"
                ],
                "timeRange": "night"
            }
        },
        {
            "id": "staryu-2",
            "pokemon": "staryu",
            "presets": [
                "underwater"
            ],
            "type": "pokemon",
            "context": "seafloor",
            "bucket": "uncommon",
            "level": "12-34",
            "weight": 5.94,
            "condition": {
                "canSeeSky": true,
                "biomes": [
                    "#minecraft:is_ocean"
                ]
            }
        },
        {
            "id": "staryu-3",
            "pokemon": "staryu",
            "presets": [
                "sunlight_zone"
            ],
            "type": "pokemon",
            "context": "grounded",
            "bucket": "common",
            "level": "12-34",
            "weight": 500,
            "condition": {
                "canSeeSky": true,
                "biomes": [
                    "#cobblemon:is_coast"
                ],
                "timeRange": "midnight"
            }
        }
    ]
}