{
    "enabled": true,
    "neededInstalledMods": [],
    "neededUninstalledMods": [],
    "spawns": [
        {
            "id": "jynx-1",
            "pokemon": "jynx",
            "presets": [
                "natural",
				"urban"
            ],
            "type": "pokemon",
            "context": "grounded",
            "bucket": "uncommon",
            "level": "30-45",
            "weight": 0.2,
            "condition": {
                "canSeeSky": true,
                "biomes": [
                    "#cobblemon:is_snowy",
                    "#cobblemon:is_tundra"
                ]
            }
        },
        {
            "id": "jynx-2",
            "pokemon": "jynx",
            "type": "pokemon",
            "context": "grounded",
            "bucket": "uncommon",
            "level": "30-45",
            "weight": 50,
            "condition": {
                "canSeeSky": true,
                "timeRange": "day",
                "biomes": [
                    "#cobblemon:is_snowy",
                    "#cobblemon:is_tundra"
                ],
                "neededNearbyBlocks": [
                    "minecraft:note_block"
                ]
            }
        }
    ]
}