{
    "enabled": true,
    "neededInstalledMods": [],
    "neededUninstalledMods": [],
    "spawns": [
        {
            "id": "aerodactyl-1",
            "pokemon": "aerodactyl",
            "presets": [
                "natural"
            ],
            "type": "pokemon",
            "context": "grounded",
            "bucket": "ultra-rare",
            "level": "25-51",
            "weight": 10.0,
            "condition": {
                "biomes": [
                    "#cobblemon:is_lush"
                ]
            }
        },
        {
            "id": "aerodactyl-2",
            "pokemon": "aerodactyl",
            "presets": [
                "natural"
            ],
            "type": "pokemon",
            "context": "grounded",
            "bucket": "rare",
            "level": "25-51",
            "weight": 5.0,
            "condition": {
                "biomes": [
                    "#cobblemon:is_hills",
                    "#cobblemon:is_mountain"
                ]
            }
        }
    ]
}