{
    "enabled": true,
    "neededInstalledMods": [],
    "neededUninstalledMods": [],
    "spawns": [
        {
            "id": "dratini-1",
            "pokemon": "dratini",
            "presets": [
                "water_surface"
            ],
            "type": "pokemon",
            "bucket": "rare",
            "level": "15-30",
            "weight": 9.0,
            "condition": {
                "canSeeSky": false,
				"maxY": 32,
                "biomes": [
                    "#cobblemon:is_overworld"
                ]
            }
        },
		{
            "id": "dratini-2",
            "pokemon": "dratini",
            "presets": [
                "underwater"
            ],
            "type": "pokemon",
            "context": "submerged",
            "bucket": "rare",
            "level": "15-30",
            "weight": 9.0,
            "condition": {
                "canSeeSky": false,
				"maxY": 32,
                "biomes": [
                    "#cobblemon:is_overworld"
                ]
            }
        },
        {
            "id": "dratini-3",
            "pokemon": "dratini",
            "presets": [
                "water_surface"
            ],
            "type": "pokemon",
            "bucket": "common",
            "level": "15-30",
            "weight": 50.0,
            "condition": {
                "canSeeSky": false,
                "timeRange": "day",
				"maxY": 32,
                "biomes": [
                    "#cobblemon:is_overworld"
                ],
                "neededNearbyBlocks": [
                    "minecraft:prismarine"
                ]
            }
        },
		{
            "id": "dratini-4",
            "pokemon": "dratini",
            "presets": [
                "twilight_zone"
            ],
            "type": "pokemon",
            "context": "submerged",
            "bucket": "rare",
            "level": "15-30",
            "weight": 10.0,
            "condition": {
                "biomes": [
                    "#minecraft:is_ocean"
                ]
            }
        },
		{
            "id": "dratini-5",
            "pokemon": "dratini",
            "presets": [
                "underwater"
            ],
            "type": "pokemon",
            "context": "submerged",
            "bucket": "common",
            "level": "15-30",
            "weight": 50.0,
            "condition": {
                "canSeeSky": false,
				"maxY": 32,
                "biomes": [
                    "#cobblemon:is_overworld"
                ],
                "neededNearbyBlocks": [
                    "minecraft:prismarine"
                ]
            }
        }
    ]
}