{
    "enabled": true,
    "neededInstalledMods": [],
    "neededUninstalledMods": [],
    "spawns": [
        {
            "id": "dragonite-1",
            "pokemon": "dragonite",
            "presets": [
                "underground"
            ],
            "type": "pokemon",
            "context": "grounded",
            "bucket": "rare",
            "level": "55-60",
            "weight": 0.1,
            "condition": {
                "canSeeSky": false,
				"maxY": 32,
                "biomes": [
                    "#cobblemon:is_overworld"
                ],
				"neededNearbyBlocks": [
                    "minecraft:water"
                ]
            }
        },
        {
            "id": "dragonite-2",
            "pokemon": "dragonite",
            "presets": [
                "natural"
            ],
            "type": "pokemon",
            "context": "grounded",
            "bucket": "rare",
            "level": "55-60",
            "weight": 0.1,
            "condition": {
                "canSeeSky": true,
                "biomes": [
                    "#cobblemon:is_sky"
                ],
                "isRaining": true
            }
        },
        {
            "id": "dragonite-3",
            "pokemon": "dragonite",
            "presets": [
                "water_surface"
            ],
            "type": "pokemon",
            "bucket": "rare",
            "level": "60-70",
            "weight": 10.0,
            "condition": {
                "canSeeSky": true,
                "timeRange": "day",
                "biomes": [
                    "#minecraft:is_ocean"
                ]
            }
        },
		{
            "id": "dragonite-5",
            "pokemon": "dragonite",
            "presets": [
                "underwater"
            ],
            "type": "pokemon",
            "context": "submerged",
            "bucket": "uncommon",
            "level": "55-60",
            "weight": 50.0,
            "condition": {
                "canSeeSky": false,
				"maxY": 32,
                "biomes": [
                    "#cobblemon:is_overworld"
                ],
                "neededNearbyBlocks": [
                    "minecraft:prismarine"
                ]
            }
        }
    ]
}