{
    "enabled": "true",
    "neededInstalledMods": [],
    "neededUninstalledMods": [],
    "spawns": [
        {
            "id": "noctowl-1",
            "pokemon": "noctowl",
            "type": "pokemon",
            "context": "grounded",
            "bucket": "common",
            "level": "20-45",
            "weight": 1.0,
            "condition": {
                "canSeeSky": true,
                "biomes": [
                    "#cobblemon:is_forest",
                    "#cobblemon:is_sky",
                    "#cobblemon:is_spooky"
                ],
                "timeRange": "night",
                "isRaining": false
            }
        }
    ]
}