{
    "enabled": "true",
    "neededInstalledMods": [],
    "neededUninstalledMods": [],
    "spawns": [
        {
            "id": "ariados-1",
            "pokemon": "ariados",
            "type": "pokemon",
            "context": "grounded",
            "bucket": "common",
            "level": "22-40",
            "weight": 0.6,
            "condition": {
                "canSeeSky": true,
                "biomes": [
                    "#cobblemon:is_forest",
                    "#cobblemon:is_jungle",
                    "#cobblemon:is_spooky"
                ],
                "timeRange": "night",
                "isRaining": false
            },
            "anticondition": {
                "biomes": [
                    "#cobblemon:is_freezing"
                ]
            }
        },
        {
            "id": "ariados-2",
            "pokemon": "ariados",
            "type": "pokemon",
            "context": "grounded",
            "bucket": "common",
            "level": "22-40",
            "weight": 0.6,
            "condition": {
                "canSeeSky": false,
                "biomes": [
                    "#cobblemon:is_overworld"
                ]
            },
            "anticondition": {
                "biomes": [
                    "#cobblemon:is_abyss"
                ]
            }
        }
    ]
}