{
    "enabled": "true",
    "neededInstalledMods": [],
    "neededUninstalledMods": [],
    "spawns": [
        {
            "id": "chinchou-1",
            "pokemon": "chinchou",
            "presets": [
                "underwater"
            ],
            "type": "pokemon",
            "context": "submerged",
            "bucket": "common",
            "level": "12-33",
            "weight": 5.4,
            "condition": {
                "canSeeSky": true,
                "biomes": [
                    "#cobblemon:is_deep"
                ]
            }
        },
        {
            "id": "chinchou-2",
            "pokemon": "chinchou",
            "presets": [
                "ocean_ruins"
            ],
            "type": "pokemon",
            "context": "grounded",
            "bucket": "common",
            "level": "12-27",
            "weight": 25,
            "condition": {
                "biomes": [
                    "#minecraft:is_ocean"
                ]
            }
        }
    ]
}