{
    "enabled": "true",
    "neededInstalledMods": [],
    "neededUninstalledMods": [],
    "spawns": [
        {
            "id": "lanturn-1",
            "pokemon": "lanturn",
            "presets": [
                "underwater"
            ],
            "type": "pokemon",
            "context": "submerged",
            "bucket": "common",
            "level": "27-46",
            "weight": 0.6,
            "condition": {
                "canSeeSky": true,
                "biomes": [
                    "#cobblemon:is_deep"
                ]
            }
        },
        {
            "id": "lanturn-2",
            "pokemon": "lanturn",
            "presets": [
                "ocean_ruins"
            ],
            "type": "pokemon",
            "bucket": "uncommon",
            "level": "27-50",
            "context": "submerged",
            "weight": 20,
            "condition": {
                "isRaining": false,
                "biomes": [
                    "#minecraft:is_ocean"
                ]
            }
        }
    ]
}