{
    "enabled": "true",
    "neededInstalledMods": [],
    "neededUninstalledMods": [],
    "spawns": [
        {
            "id": "flaaffy-1",
            "pokemon": "flaaffy",
            "type": "pokemon",
            "context": "grounded",
            "bucket": "common",
            "level": "15-36",
            "weight": 0.9,
            "condition": {
                "canSeeSky": true,
                "biomes": [
                    "#cobblemon:is_highlands",
                    "#cobblemon:is_plains"
                ],
                "timeRange": "day"
            }
        }
    ]
}