{
    "enabled": "true",
    "neededInstalledMods": [],
    "neededUninstalledMods": [],
    "spawns": [
        {
            "id": "ampharos-1",
            "pokemon": "ampharos",
            "type": "pokemon",
            "context": "grounded",
            "bucket": "common",
            "level": "30-51",
            "weight": 0.1,
            "condition": {
                "canSeeSky": true,
                "biomes": [
                    "#cobblemon:is_highlands",
                    "#cobblemon:is_plains"
                ],
                "timeRange": "day"
            }
        }
    ]
}