{
    "enabled": true,
    "neededInstalledMods": [],
    "neededUninstalledMods": [],
    "spawns": [
        {
            "id": "bellossom-1",
            "pokemon": "bellossom",
            "presets": [
                "natural"
            ],
            "type": "pokemon",
            "context": "grounded",
            "bucket": "common",
            "level": "40-49",
            "weight": 0.05,
            "condition": {
                "canSeeSky": true,
                "biomes": [
                    "#cobblemon:is_floral"
                ],
                "timeRange": "day"
            }
        },
        {
            "id": "bellossom-2",
            "pokemon": "bellossom",
            "presets": [
                "natural"
            ],
            "type": "pokemon",
            "context": "grounded",
            "bucket": "uncommon",
            "level": "40-49",
            "weight": 0.05,
            "condition": {
                "canSeeSky": true,
                "biomes": [
                    "#cobblemon:is_jungle"
                ],
                "timeRange": "day"
            }
        },
        {
            "id": "bellossom-valencian-1",
            "pokemon": "bellossom valencian",
            "presets": [
                "natural"
            ],
            "type": "pokemon",
            "context": "grounded",
            "bucket": "uncommon",
            "level": "40-49",
            "weight": 0.05,
            "condition": {
                "canSeeSky": true,
                "biomes": [
                    "#cobblemon:is_savanna"
                ],
                "timeRange": "day"
            }
        },
        {
            "id": "bellossom-3",
            "pokemon": "bellossom",
            "presets": [
                "natural"
            ],
            "type": "pokemon",
            "context": "grounded",
            "bucket": "common",
            "level": "20-40",
            "weight": 30,
            "condition": {
                "canSeeSky": true,
                "timeRange": "day",
                "neededNearbyBlocks": [
                    "minecraft:poppy"
                ]
            }
        }
    ]
}