{
    "enabled": true,
    "neededInstalledMods": [],
    "neededUninstalledMods": [],
    "spawns": [
        {
            "id": "politoed-1",
            "pokemon": "politoed",
            "presets": [
                "natural",
				"freshwater"
            ],
            "type": "pokemon",
            "context": "grounded",
            "bucket": "common",
            "level": "39-51",
            "weight": 0.05,
            "condition": {
                "canSeeSky": true,
                "isRaining": true
            }
        },
        {
            "id": "politoed-2",
            "pokemon": "politoed",
            "presets": [
                "freshwater",
                "underwater"
            ],
            "type": "pokemon",
            "context": "submerged",
            "bucket": "common",
            "level": "39-51",
            "weight": 0.05,
            "condition": {
                "canSeeSky": true,
				"neededNearbyBlocks": [
                    "minecraft:lily_pad"
                ]
            }
        },
        {
            "id": "politoed-3",
            "pokemon": "politoed",
            "presets": [
                "water_surface"
            ],
            "type": "pokemon",
            "bucket": "common",
            "level": "45-54",
            "weight": 50,
            "condition": {
                "canSeeSky": true,
                "timeRange": "night",
                "neededNearbyBlocks": [
                    "minecraft:lily_pad"
                ]
            }
        }
    ]
}