{
    "enabled": "true",
    "neededInstalledMods": [],
    "neededUninstalledMods": [],
    "spawns": [
        {
            "id": "jumpluff-1",
            "pokemon": "jumpluff",
            "type": "pokemon",
            "context": "grounded",
            "bucket": "common",
            "level": "27-46",
            "weight": 0.1,
            "condition": {
                "canSeeSky": true,
                "biomes": [
                    "#cobblemon:is_plains"
                ],
                "timeRange": "day",
                "isRaining": false
            }
        }
    ]
}