{
    "enabled": "true",
    "neededInstalledMods": [],
    "neededUninstalledMods": [],
    "spawns": [
        {
            "id": "aipom-1",
            "pokemon": "aipom",
            "type": "pokemon",
            "context": "grounded",
            "bucket": "common",
            "level": "15-36",
            "weight": 5.4,
            "condition": {
                "canSeeSky": true,
                "biomes": [
                    "#cobblemon:is_jungle"
                ]
            }
        }
    ]
}