{
    "enabled": "true",
    "neededInstalledMods": [],
    "neededUninstalledMods": [],
    "spawns": [
        {
            "id": "shuckle-1",
            "pokemon": "shuckle",
            "type": "pokemon",
            "context": "grounded",
            "bucket": "uncommon",
            "level": "15-50",
            "weight": 2.0,
            "condition": {
                "canSeeSky": false,
                "biomes": [
                    "#cobblemon:is_lush"
                ]
            }
        }
    ]
}