{
    "enabled": "true",
    "neededInstalledMods": [],
    "neededUninstalledMods": [],
    "spawns": [
        {
            "id": "sneasel-1",
            "pokemon": "sneasel",
            "presets": [
                "natural"
            ],
            "type": "pokemon",
            "context": "grounded",
            "bucket": "uncommon",
            "level": "12-43",
            "weight": 9.9,
            "condition": {
                "canSeeSky": true,
                "biomes": [
                    "#cobblemon:is_taiga"
                ],
                "timeRange": "night"
            }
        },
        {
            "id": "sneasel-2",
            "pokemon": "sneasel",
            "presets": [
                "natural"
            ],
            "type": "pokemon",
            "context": "grounded",
            "bucket": "common",
            "level": "12-43",
            "weight": 25,
 "condition": {
                "canSeeSky": true,
                "biomes": [
                    "#cobblemon:is_mountain",
                    "#cobblemon:is_peak"
                ],
                "isThundering": true,
        "minY": 100,
                 "neededNearbyBlocks": [
		 "minecraft:spruce_log"
]
            },
"anticondition": {
     "biomes": [
                 "terralith:volcanic_peaks"
]
}
        }

    ]
}