{
    "enabled": "true",
    "neededInstalledMods": [],
    "neededUninstalledMods": [],
    "spawns": [
        {
            "id": "magcargo-1",
            "pokemon": "magcargo",
            "presets": [
                "natural"
            ],
            "type": "pokemon",
            "context": "grounded",
            "bucket": "common",
            "level": "38-43",
            "weight": 0.2,
            "condition": {
                "biomes": [
                    "minecraft:basalt_deltas",
                    "minecraft:nether_wastes"
                ]
            }
        },
        {
            "id": "magcargo-2",
            "pokemon": "magcargo",
            "presets": [
                "lava_surface"
            ],
            "type": "pokemon",
            "context": "surface",
            "bucket": "common",
            "level": "38-43",
            "weight": 1.0,
            "condition": {
                "biomes": [
                    "#minecraft:is_nether"
                ]
            }
        },
        {
            "id": "magcargo-3",
            "pokemon": "magcargo",
            "presets": [
                "lava_surface"
            ],
            "type": "pokemon",
            "context": "surface",
            "bucket": "common",
            "level": "38-43",
            "weight": 0.2,
            "condition": {
                "biomes": [
                    "#cobblemon:is_overworld"
                ]
            },
            "anticondition": {
                "biomes": [
                    "#cobblemon:is_volcanic"
                ]
            }
        },
        {
            "id": "magcargo-4",
            "pokemon": "magcargo",
            "presets": [
                "natural"
            ],
            "type": "pokemon",
            "context": "grounded",
            "bucket": "common",
            "level": "38-43",
            "weight": 1.0,
            "condition": {
                "biomes": [
                    "#cobblemon:is_volcanic"
                ],
				"neededNearbyBlocks": [
                    "minecraft:lava"
                ]
            }
        },
        {
            "id": "magcargo-5",
            "pokemon": "magcargo",
            "presets": [
                "lava_surface"
            ],
            "type": "pokemon",
            "context": "surface",
            "bucket": "common",
            "level": "38-43",
            "weight": 1.0,
            "condition": {
                "biomes": [
                    "#cobblemon:is_volcanic"
                ]
            }
        }
    ]
}