{
    "enabled": true,
    "neededInstalledMods": [],
    "neededUninstalledMods": [],
    "spawns": [
        {
            "id": "swinub-1",
            "pokemon": "swinub",
            "presets": [
                "natural"
            ],
            "type": "pokemon",
            "context": "grounded",
            "bucket": "common",
            "level": "5-25",
            "weight": 9.0,
            "condition": {
                "canSeeSky": true,
                "biomes": [
                    "#cobblemon:is_tundra"
                ]
            }
        },
        {
            "id": "swinub-2",
            "pokemon": "swinub",
            "presets": [
                "near_crops",
                "near_berry_bush"
            ],
            "type": "pokemon",
            "context": "grounded",
            "bucket": "common",
            "level": "5-25",
            "weight": 50,
            "condition": {
                "canSeeSky": true,
                "timeRange": "twilight",
                "biomes": [
                    "#cobblemon:is_cold"
                ]
            }
        },
        {
            "id": "swinub-3",
            "pokemon": "swinub",
            "type": "pokemon",
            "context": "grounded",
            "bucket": "common",
            "level": "5-25",
            "weight": 50.0,
            "condition": {
                "canSeeSky": true,
                "biomes": [
                    "#cobblemon:is_cold"
                ],
                "neededBaseBlocks": [
                    "minecraft:mud"
                ]
            }
        }
    ]
}