{
    "enabled": true,
    "neededInstalledMods": [],
    "neededUninstalledMods": [],
    "spawns": [
        {
            "id": "piloswine-1",
            "pokemon": "piloswine",
            "presets": [
                "natural"
            ],
            "type": "pokemon",
            "context": "grounded",
            "bucket": "common",
            "level": "33-45",
            "weight": 0.9,
            "condition": {
                "canSeeSky": true,
                "biomes": [
                    "#cobblemon:is_tundra"
                ]
            }
        },
        {
            "id": "piloswine-2",
            "pokemon": "piloswine",
            "presets": [
                "near_crops",
                "near_berry_bush"
            ],
            "type": "pokemon",
            "context": "grounded",
            "bucket": "common",
            "level": "33-50",
            "weight": 50,
            "condition": {
                "canSeeSky": true,
                "timeRange": "twilight",
                "biomes": [
                    "#cobblemon:is_cold"
                ]
            }
        },
        {
            "id": "piloswine-3",
            "pokemon": "piloswine",
            "type": "pokemon",
            "context": "grounded",
            "bucket": "common",
            "level": "33-50",
            "weight": 50.0,
            "condition": {
                "canSeeSky": true,
                "biomes": [
                    "#cobblemon:is_cold"
                ],
                "neededBaseBlocks": [
                    "minecraft:mud"
                ]
            }
        }
    ]
}