{
    "enabled": "true",
    "neededInstalledMods": [],
    "neededUninstalledMods": [],
    "spawns": [
        {
            "id": "delibird-1",
            "pokemon": "delibird",
            "type": "pokemon",
            "context": "grounded",
            "bucket": "rare",
            "level": "5-33",
            "weight": 10.0,
            "condition": {
                "canSeeSky": true,
                "biomes": [
                    "#cobblemon:is_peak"
                ],
                "timeRange": "day"
            }
        }
    ]
}