{
    "enabled": "true",
    "neededInstalledMods": [],
    "neededUninstalledMods": [],
    "spawns": [
        {
            "id": "houndour-1",
            "pokemon": "houndour",
            "type": "pokemon",
            "context": "grounded",
            "bucket": "uncommon",
            "level": "8-33",
            "weight": 9.0,
            "condition": {
                "biomes": [
                    "#minecraft:is_nether"
                ]
            }
        }
    ]
}