{
    "enabled": "true",
    "neededInstalledMods": [],
    "neededUninstalledMods": [],
    "spawns": [
        {
            "id": "houndoom-1",
            "pokemon": "houndoom",
            "type": "pokemon",
            "context": "grounded",
            "bucket": "uncommon",
            "level": "24-50",
            "weight": 1.0,
            "condition": {
                "biomes": [
                    "#minecraft:is_nether"
                ]
            }
        }
    ]
}