{
    "enabled": "true",
    "neededInstalledMods": [],
    "neededUninstalledMods": [],
    "spawns": [
        {
            "id": "donphan-1",
            "pokemon": "donphan",
            "type": "pokemon",
            "context": "grounded",
            "bucket": "common",
            "level": "25-50",
            "weight": 0.6,
            "condition": {
                "canSeeSky": true,
                "biomes": [
                    "#cobblemon:is_savanna"
                ]
            }
        }
    ]
}