{
    "enabled": "true",
    "neededInstalledMods": [],
    "neededUninstalledMods": [],
    "spawns": [
        {
            "id": "pupitar-1",
            "pokemon": "pupitar",
            "type": "pokemon",
            "context": "grounded",
            "bucket": "ultra-rare",
            "level": "30-54",
            "weight": 0.9,
            "condition": {
                "canSeeSky": true,
                "biomes": [
                    "#cobblemon:is_mountain"
                ]
            },
            "anticondition": {
                "biomes": [
                    "#cobblemon:is_freezing"
                ]
            }
        },
        {
            "id": "pupitar-2",
            "pokemon": "pupitar",
            "type": "pokemon",
            "context": "grounded",
            "bucket": "ultra-rare",
            "level": "30-54",
            "weight": 0.9,
            "condition": {
                "canSeeSky": false,
                "biomes": [
                    "#cobblemon:is_mountain"
                ]
            }
        }
    ]
}