{
    "enabled": "true",
    "neededInstalledMods": [],
    "neededUninstalledMods": [],
    "spawns": [
        {
            "id": "tyranitar-1",
            "pokemon": "tyranitar",
            "type": "pokemon",
            "context": "grounded",
            "bucket": "ultra-rare",
            "level": "55-60",
            "weight": 0.1,
            "condition": {
                "canSeeSky": true,
                "biomes": [
                    "#cobblemon:is_mountain"
                ]
            },
            "anticondition": {
                "biomes": [
                    "#cobblemon:is_freezing"
                ]
            }
        },
        {
            "id": "tyranitar-2",
            "pokemon": "tyranitar",
            "type": "pokemon",
            "context": "grounded",
            "bucket": "ultra-rare",
            "level": "55-60",
            "weight": 0.1,
            "condition": {
                "canSeeSky": false,
                "biomes": [
                    "#cobblemon:is_mountain"
                ]
            }
        }
    ]
}