{
    "enabled": true,
    "neededInstalledMods": [],
    "neededUninstalledMods": [],
    "spawns": [
        {
            "id": "combusken-2",
            "pokemon": "combusken",
            "type": "pokemon",
            "context": "grounded",
            "bucket": "uncommon",
            "level": "20-25",
            "weight": 500.0,
            "condition": {
                "canSeeSky": true,
                "isRaining": false,
                "timeRange": "day",
                "minX": 0,
                "neededBaseBlocks": [
                    "minecraft:tuff"
                ],
                "neededNearbyBlocks": [
                    "minecraft:hay_block"
                ],
                "biomes": [
                    "#cobblemon:is_grassland"
                ]
            },
            "anticondition": {
                "neededNearbyBlocks": [
                    "minecraft:water"
                ]
            }
        }
    ]
}