{
    "enabled": true,
    "neededInstalledMods": [],
    "neededUninstalledMods": [],
    "spawns": [
        {
            "id": "poochyena-1",
            "pokemon": "poochyena",
            "presets": [
                "natural"
            ],
            "type": "pokemon",
            "context": "grounded",
            "bucket": "uncommon",
            "level": "2-30",
            "weight": 3.0,
            "condition": {
                "canSeeSky": true,
                "biomes": [
                    "#cobblemon:is_forest",
                    "#cobblemon:is_plains",
					"#cobblemon:is_snowy"
                ]
            }
        },
        {
            "id": "poochyena-2",
            "pokemon": "poochyena",
            "presets": [
                "natural"
            ],
            "type": "pokemon",
            "context": "grounded",
            "bucket": "common",
            "level": "2-30",
            "weight": 9.0,
            "condition": {
                "canSeeSky": false,
                "biomes": [
                    "#cobblemon:is_forest",
                    "#cobblemon:is_plains",
					"#cobblemon:is_snowy"
                ],
                "neededNearbyBlocks": [
                    "minecraft:stone"
                ]
            }
        }
    ]
}