{
    "enabled": true,
    "neededInstalledMods": [],
    "neededUninstalledMods": [],
    "spawns": [
        {
            "id": "linoone-1",
            "pokemon": "linoone",
            "presets": [
                "natural"
            ],
            "type": "pokemon",
            "context": "grounded",
            "bucket": "common",
            "level": "20-35",
            "weight": 1.0,
            "condition": {
                "canSeeSky": true,
                "biomes": [
                    "#cobblemon:is_grassland",
                    "#cobblemon:is_forest"
                ],
                "timeRange": "night"
            },
            "anticondition": {
                "biomes": [
                    "#cobblemon:is_spooky"
                ]
            }
        },
		{
            "id": "linoone-2",
            "pokemon": "linoone",
            "presets": [
                "natural",
                "river"
            ],
            "type": "pokemon",
            "context": "grounded",
            "bucket": "common",
            "level": "20-40",
            "weight": 1.0,
            "condition": {
                "canSeeSky": true,
                "biomes": [
                    "#cobblemon:is_overworld"
                ],
                "neededNearbyBlocks": [
                    "minecraft:tall_grass"
                ]
            }
        },
        {
            "id": "linoone-galarian-1",
            "pokemon": "linoone galarian",
            "presets": [
                "natural"
            ],
            "type": "pokemon",
            "context": "grounded",
            "bucket": "common",
            "level": "20-40",
            "weight": 1.0,
            "condition": {
                "canSeeSky": true,
                "biomes": [
                    "#cobblemon:is_grassland",
                    "#cobblemon:is_forest"
                ]
            }
        }
    ]
}