{
    "enabled": true,
    "neededInstalledMods": [],
    "neededUninstalledMods": [],
    "spawns": [
        {
            "id": "dustox-1",
            "pokemon": "dustox",
            "presets": [
                "natural"
            ],
            "type": "pokemon",
            "context": "grounded",
            "bucket": "common",
            "level": "10-39",
            "weight": 2.0,
            "condition": {
                "canSeeSky": true,
                "biomes": [
                    "#cobblemon:is_temperate",
                    "#cobblemon:is_plains",
                    "#cobblemon:is_spooky"
                ],
                "timeRange": "night",
                "isRaining": false
            }
        },
		{
            "id": "dustox-2",
            "pokemon": "dustox",
            "type": "pokemon",
            "context": "grounded",
            "bucket": "common",
            "level": "10-30",
            "weight": 50.0,
            "condition": {
                "canSeeSky": true,
                "biomes": [
                    "#cobblemon:is_jungle",
                    "#cobblemon:is_temperate",
                    "#cobblemon:is_spooky"
                ],
                "minLight": 7,
                "timeRange": "night",
                "isRaining": false
            }
        }
    ]
}