{
    "enabled": "true",
    "neededInstalledMods": [],
    "neededUninstalledMods": [],
    "spawns": [
        {
            "id": "ludicolo-1",
            "pokemon": "ludicolo",
            "presets": [
                "natural"
            ],
            "type": "pokemon",
            "context": "grounded",
            "bucket": "common",
            "level": "35-48",
            "weight": 0.02,
            "condition": {
                "canSeeSky": true,
                "biomes": [
                    "#cobblemon:is_swamp"
                ],
                "isRaining": true
            }
        },
        {
            "id": "ludicolo-2",
            "pokemon": "ludicolo",
            "presets": [
                "water_surface"
            ],
            "type": "pokemon",
            "context": "surface",
            "bucket": "common",
            "level": "35-48",
            "weight": 0.06,
            "condition": {
                "canSeeSky": true,
                "biomes": [
                    "#cobblemon:is_swamp"
                ]
            }
        },
        {
            "id": "ludicolo-3",
            "pokemon": "ludicolo",
            "presets": [
                "natural"
            ],
            "type": "pokemon",
            "context": "grounded",
            "bucket": "common",
            "level": "30-60",
            "weight": 50,
            "condition": {
                "canSeeSky": true,
                "neededNearbyBlocks": [
                    "minecraft:jukebox",
                    "minecraft:note_block",
                    "minecraft:bell"
                ],
                "biomes": [
                    "#cobblemon:is_swamp",
                    "#cobblemon:is_temperate",
                    "#cobblemon:is_plains"
                ]
            }
        },
        {
            "id": "ludicolo-4",
            "pokemon": "ludicolo",
            "presets": [
                "natural"
            ],
            "type": "pokemon",
            "context": "grounded",
            "bucket": "common",
            "level": "30-60",
            "weight": 50,
            "condition": {
                "canSeeSky": true,
                "isRaining": true,
                "timeRange": "day",
                "biomes": [
                    "#cobblemon:is_swamp",
                    "#cobblemon:is_temperate",
                    "#cobblemon:is_plains"
                ],
                "neededNearbyBlocks": [
                    "minecraft:tall_grass"
                ]
            }
        }
    ]
}