{
    "enabled": true,
    "neededInstalledMods": [],
    "neededUninstalledMods": [],
    "spawns": [
        {
            "id": "surskit-1",
            "pokemon": "surskit",
            "presets": [
                "natural",
                "Freshwater"
            ],
            "type": "pokemon",
            "context": "grounded",
            "bucket": "common",
            "level": "2-30",
            "weight": 9.0,
            "condition": {
                "canSeeSky": true,
                "biomes": [
                    "#cobblemon:is_forest",
                    "#cobblemon:is_plains",
                    "#cobblemon:is_river"
                ],
                "neededNearbyBlocks":[
                    "minecraft:water"
                ]
            }
        }
    ]
}