{
    "enabled": "true",
    "neededInstalledMods": [],
    "neededUninstalledMods": [],
    "spawns": [
        {
            "id": "slaking-1",
            "pokemon": "slaking",
            "presets": [
                "natural"
            ],
            "type": "pokemon",
            "context": "grounded",
            "bucket": "uncommon",
            "level": "36-60",
            "weight": 1.0,
            "condition": {
                "biomes": [
                    "#cobblemon:is_forest",
                    "#cobblemon:is_jungle",
                    "#cobblemon:is_plains"
                ]
            }
        }
    ]
}