{
    "enabled": "true",
    "neededInstalledMods": [],
    "neededUninstalledMods": [],
    "spawns": [
        {
            "id": "nincada-1",
            "pokemon": "nincada",
            "presets": [
                "natural"
            ],
            "type": "pokemon",
            "context": "grounded",
            "bucket": "uncommon",
            "level": "5-20",
            "weight": 5.0,
            "condition": {
				"biomes": [
                    "#cobblemon:is_temperate",
                    "#cobblemon:is_plains",
                    "#cobblemon:is_jungle"
                ]
			},
            "canSeeSky": false,
            "neededNearbyBlocks": [
                "minecraft:dirt"
            ]
        }
    ]
}