{
    "enabled": "true",
    "neededInstalledMods": [],
    "neededUninstalledMods": [],
    "spawns": [
        {
            "id": "ninjask-1",
            "pokemon": "ninjask",
            "presets": [
                "natural"
            ],
            "type": "pokemon",
            "context": "grounded",
            "bucket": "uncommon",
            "level": "20-40",
            "weight": 2.0,
            "condition": {
				"biomes": [
                    "#cobblemon:is_temperate",
                    "#cobblemon:is_plains",
                    "#cobblemon:is_jungle"
                ],
                "canSeeSky": true,
                "isRaining": false
			}
        }
    ]
}