{
    "enabled": "true",
    "neededInstalledMods": [],
    "neededUninstalledMods": [],
    "spawns": [
        {
            "id": "exploud-1",
            "pokemon": "exploud",
            "presets": [
                "underground"
            ],
            "type": "pokemon",
            "context": "grounded",
            "bucket": "uncommon",
            "level": "40-49",
            "weight": 0.1,
            "condition": {
                "canSeeSky": false,
                "biomes": [
                    "#cobblemon:is_abyss"
                ]
            }
        },
        {
            "id": "exploud-2",
            "pokemon": "exploud",
            "presets": [
                "natural"
            ],
            "type": "pokemon",
            "context": "grounded",
            "bucket": "rare",
            "level": "45-60",
            "weight": 9.0,
            "condition": {
                "canSeeSky": true,
                "biomes": [
                    "#cobblemon:is_mountain",
                    "#cobblemon:is_temperate"
                ]
            }
        },
        {
            "id": "exploud-3",
            "pokemon": "exploud",
            "type": "pokemon",
            "context": "grounded",
            "bucket": "uncommon",
            "level": "40-65",
            "weight": 50.0,
            "condition": {
                "canSeeSky": true,
                "biomes": [
                    "#cobblemon:is_mountain",
                    "#cobblemon:is_temperate"
                ],
                "neededBaseBlocks": [
                    "minecraft:coarse_dirt"
                ],
                "neededNearbyBlocks": [
                    "minecraft:tall_grass"
                ]
            }
        }
    ]
}