{
    "enabled": true,
    "neededInstalledMods": [],
    "neededUninstalledMods": [],
    "spawns": [
        {
            "id": "azurill-1",
            "pokemon": "azurill",
            "presets": [
                "natural",
                "freshwater"
            ],
            "type": "pokemon",
            "context": "grounded",
            "bucket": "common",
            "level": "1-20",
            "weight": 5.0,
            "condition": {
                "canSeeSky": true,
                "biomes": [
                    "#minecraft:is_overworld"
                ],
                "neededNearbyBlocks": [
                    "minecraft:water"
                ]
            }
        }
    ]
}