{
    "enabled": "true",
    "neededInstalledMods": [],
    "neededUninstalledMods": [],
    "spawns": [
        {
            "id": "delcatty-1",
            "pokemon": "delcatty",
            "type": "pokemon",
            "context": "grounded",
            "bucket": "uncommon",
            "level": "10-30",
            "weight": 5,
            "condition": {
                "canSeeSky":true,
                "timeRange": "night",
                "biomes": [
                    "#cobblemon:is_plains",
                    "#cobblemon:is_forest",
                    "#cobblemon:is_desert"
                ],
                "neededNearbyBlocks": [
                    "minecraft:grass",
                    "minecraft:tallgrass",
                    "minecraft:oak_log"
                ]
            }
        },
        {
            "id": "delcatty-2",
            "pokemon": "delcatty",
            "type": "pokemon",
            "context": "grounded",
            "bucket": "uncommon",
            "level": "10-30",
            "weight": 7,
            "condition": {
                "canSeeSky": false,
                "biomes": [
                    "#cobblemon:is_forest",
                    "#cobblemon:is_plains",
                    "#cobblemon:is_desert"
                ],
                "neededNearbyBlocks": [
                    "minecraft:oak_door",
                    "minecraft:spruce_door",
                    "minecraft:acacia_door",
                    "minecraft:chest"
                ]
            }
        }
    ]
}