{
    "enabled": "true",
    "neededInstalledMods": [],
    "neededUninstalledMods": [],
    "spawns": [
        {
            "id": "aron-1",
            "pokemon": "aron",
            "presets": [
                "natural"
            ],
            "type": "pokemon",
            "context": "grounded",
            "bucket": "uncommon",
            "level": "5-25",
            "weight": 7.0,
            "condition": {
				"biomes": [
                    "#cobblemon:is_cave"
                ]
			}
        },
        {
            "id": "aron-2",
            "pokemon": "aron",
            "presets": [
                "natural"
            ],
            "type": "pokemon",
            "context": "grounded",
            "bucket": "common",
            "level": "5-25",
            "weight": 10.0,
            "condition": {
                "biomes": [
                    "#cobblemon:is_mountain",
					"#cobblemon:is_hills"
                ],
				"neededNearbyBlocks": [
                    "minecraft:iron_ore",
                    "minecraft:deepslate_iron_ore"
                ]
            }
        },
        {
            "id": "aron-3",
            "pokemon": "aron",
            "presets": [
                "natural"
            ],
            "type": "pokemon",
            "context": "grounded",
            "bucket": "uncommon",
            "level": "5-25",
            "weight": 20.0,
            "condition": {
                "canSeeSky": true,
                "biomes": [
                    "#minecraft:is_overworld"
                ],
				"neededNearbyBlocks": [
                    "minecraft:rail",
                    "minecraft:iron_trapdoor",
                    "create:track"
                ]
            }
        }
    ]
}