{
    "enabled": "true",
    "neededInstalledMods": [],
    "neededUninstalledMods": [],
    "spawns": [
        {
            "id": "lairon-1",
            "pokemon": "lairon",
            "presets": [
                "natural"
            ],
            "type": "pokemon",
            "context": "grounded",
            "bucket": "uncommon",
            "level": "32-50",
            "weight": 2.0,
            "condition": {
				"biomes": [
                    "#cobblemon:is_cave"
                ]
			}
        },
        {
            "id": "lairon-2",
            "pokemon": "lairon",
            "presets": [
                "natural"
            ],
            "type": "pokemon",
            "context": "grounded",
            "bucket": "uncommon",
            "level": "32-50",
            "weight": 20.0,
            "condition": {
                "biomes": [
                    "#cobblemon:is_mountain",
					"#cobblemon:is_hills"
                ],
				"neededNearbyBlocks": [
                    "minecraft:iron_ore",
                    "minecraft:deepslate_iron_ore",
                    "minecraft:water"
                ]
            }
        },
        {
            "id": "lairon-3",
            "pokemon": "lairon",
            "presets": [
                "natural"
            ],
            "type": "pokemon",
            "context": "grounded",
            "bucket": "uncommon",
            "level": "32-50",
            "weight": 10.0,
            "condition": {
                "canSeeSky": true,
                "biomes": [
                    "#minecraft:is_overworld"
                ],
				"neededNearbyBlocks": [
                    "minecraft:iron_ore",
                    "minecraft:deepslate_iron_ore",
                    "minecraft:iron_block"
                ]
            }
        }
    ]
}