{
    "enabled": "true",
    "neededInstalledMods": [],
    "neededUninstalledMods": [],
    "spawns": [
        {
            "id": "aggron-1",
            "pokemon": "aggron",
            "presets": [
                "natural"
            ],
            "type": "pokemon",
            "context": "grounded",
            "bucket": "rare",
            "level": "42-60",
            "weight": 2.0,
            "condition": {
				"biomes": [
                    "#cobblemon:is_cave"
                ]
			}
        },
        {
            "id": "aggron-2",
            "pokemon": "aggron",
            "presets": [
                "natural"
            ],
            "type": "pokemon",
            "context": "grounded",
            "bucket": "rare",
            "level": "42-60",
            "weight": 2.0,
            "condition": {
                "biomes": [
                    "#cobblemon:is_mountain",
					"#cobblemon:is_hills"
                ],
				"neededNearbyBlocks": [
                    "minecraft:iron_ore",
                    "minecraft:deepslate_iron_ore",
                    "minecraft:water"
                ]
            }
        },
        {
            "id": "aggron-3",
            "pokemon": "aggron",
            "presets": [
                "natural"
            ],
            "type": "pokemon",
            "context": "grounded",
            "bucket": "ultra-rare",
            "level": "70-75",
            "weight": 100.0,
            "condition": {
                "canSeeSky": false,
                "maxY":-50,
                "biomes": [
                    "#cobblemon:is_mountain"
                ],
				"neededNearbyBlocks": [
                    "minecraft:diamond_ore",
                    "minecraft:bedrock"
                ]
            }
        }
    ]
}