{
    "enabled": "true",
    "neededInstalledMods": [],
    "neededUninstalledMods": [],
    "spawns": [
        {
            "id": "electrike-1",
            "pokemon": "electrike",
            "type": "pokemon",
            "context": "grounded",
            "bucket": "common",
            "level": "8-29",
            "weight": 3,
            "condition": {
                "canSeeSky": true,
                "biomes": [
                    "#cobblemon:is_plains"
                ]
            }
        }
    ]
}