{
    "enabled": "true",
    "neededInstalledMods": [],
    "neededUninstalledMods": [],
    "spawns": [
        {
            "id": "roselia-1",
            "pokemon": "roselia",
            "type": "pokemon",
            "context": "grounded",
            "bucket": "common",
            "level": "29-40",
            "weight": 0.9,
            "condition": {
                "canSeeSky": true,
                "biomes": [
                    "#cobblemon:is_floral"
                ]
            }
        }
    ]
}