{
    "enabled": "true",
    "neededInstalledMods": [],
    "neededUninstalledMods": [],
    "spawns": [
        {
            "id": "sharpedo-1",
            "pokemon": "sharpedo",
            "presets": [
                "underwater"
            ],
            "type": "pokemon",
            "context": "submerged",
            "bucket": "uncommon",
            "level": "30-46",
            "weight": 1.0,
            "condition": {
                "canSeeSky": true,
                "biomes": [
                    "#minecraft:is_ocean"
                ]
            }
        },
        {
            "id": "sharpedo-2",
            "pokemon": "sharpedo",
            "presets": [
                "sunlight_zone",
                "twilight_zone"
            ],
            "type": "pokemon",
            "context": "submerged",
            "bucket": "common",
            "level": "30-60",
            "weight": 100.0,
            "condition": {
                "canSeeSky": true,
                "biomes": [
                    "#minecraft:is_ocean",
                    "#minecraft:is_river"
                ],
                "neededNearbyBlocks": [
                    "minecraft:oak_planks",
                    "minecraft:dark_oak_planks",
                    "minecraft:birch_planks",
                    "minecraft:spruce_planks",
                    "minecraft:jungle_planks"
                ]
            }
        }
    ]
}