{
    "enabled": true,
    "neededInstalledMods": [],
    "neededUninstalledMods": [],
    "spawns": [
        {
            "id": "wailord-1",
            "pokemon": "wailord",
            "presets": [
                "underwater"
            ],
            "type": "pokemon",
            "context": "submerged",
            "bucket": "uncommon",
            "level": "40-50",
            "weight": 0.2,
            "condition": {
                "canSeeSky": true,
                "biomes": [
                    "#cobblemon:is_deep"
                ]
            }
        },
        {
            "id": "wailord-2",
            "pokemon": "wailord",
            "presets": [
                "water_surface"
            ],
            "type": "pokemon",
            "context": "surface",
            "bucket": "common",
            "level": "40-60",
            "weight": 1000,
            "condition": {
                "canSeeSky": true,
                "timeRange": "twilight,noon",
                "biomes": [
                    "#minecraft:is_ocean"
                ]
            }
        }
    ]
}