{
    "enabled": "true",
    "neededInstalledMods": [],
    "neededUninstalledMods": [],
    "spawns": [
        {
            "id": "numel-1",
            "pokemon": "numel",
            "type": "pokemon",
            "context": "grounded",
            "bucket": "common",
            "level": "12-30",
            "weight": 4,
            "condition": {
                "canSeeSky": true,
                "biomes": [
                    "#cobblemon:is_badlands",
                    "#cobblemon:is_desert"
                ],
                "timeRange": "day"
            }
        },
        {
            "id": "numel-2",
            "pokemon": "numel",
            "type": "pokemon",
            "context": "grounded",
            "bucket": "common",
            "level": "12-30",
            "weight": 2,
            "condition": {
                "biomes": [
                    "minecraft:nether_wastes"
                ]
            }
        }
    ]
}