{
    "enabled": "true",
    "neededInstalledMods": [],
    "neededUninstalledMods": [],
    "spawns": [
        {
            "id": "grumpig-1",
            "pokemon": "grumpig",
            "type": "pokemon",
            "context": "grounded",
            "bucket": "uncommon",
            "level": "32-47",
            "weight": 1,
            "condition": {
                "canSeeSky": true,
                "biomes": [
                    "#cobblemon:is_hills"
                ]
            }
        }
    ]
}