{
    "enabled": "true",
    "neededInstalledMods": [],
    "neededUninstalledMods": [],
    "spawns": [
        {
            "id": "trapinch-1",
            "pokemon": "trapinch",
            "type": "pokemon",
            "context": "grounded",
            "bucket": "uncommon",
            "level": "16-34",
            "weight": 5,
            "condition": {
                "canSeeSky": true,
                "biomes": [
                    "#cobblemon:is_desert"
                ]
            }
        },
        {
            "id": "trapinch-2",
            "pokemon": "trapinch",
            "type": "pokemon",
            "context": "grounded",
            "bucket": "rare",
            "level": "16-34",
            "weight": 20,
            "condition": {
                "canSeeSky": false,
                "biomes": [
                    "#cobblemon:is_desert"
                ]
            }
        }
    ]
}