{
    "enabled": "true",
    "neededInstalledMods": [],
    "neededUninstalledMods": [],
    "spawns": [
        {
            "id": "flygon-1",
            "pokemon": "flygon",
            "type": "pokemon",
            "context": "grounded",
            "bucket": "rare",
            "level": "45-52",
            "weight": 0.02,
            "condition": {
                "canSeeSky": true,
                "biomes": [
                    "#cobblemon:is_desert"
                ],
                "isRaining": true
            }
        }
    ]
}