{
    "enabled": "true",
    "neededInstalledMods": [],
    "neededUninstalledMods": [],
    "spawns": [
        {
            "id": "cacnea-1",
            "pokemon": "cacnea",
            "type": "pokemon",
            "context": "grounded",
            "bucket": "common",
            "level": "7-33",
            "weight": 9.0,
            "condition": {
                "canSeeSky": true,
                "biomes": [
                    "#cobblemon:is_sandy"
                ]
            }
        }
    ]
}