{
    "enabled": "true",
    "neededInstalledMods": [],
    "neededUninstalledMods": [],
    "spawns": [
        {
            "id": "cacturne-1",
            "pokemon": "cacturne",
            "type": "pokemon",
            "context": "grounded",
            "bucket": "common",
            "level": "32-47",
            "weight": 1.0,
            "condition": {
                "canSeeSky": true,
                "biomes": [
                    "#cobblemon:is_sandy"
                ]
            }
        }
    ]
}