{
    "enabled": "true",
    "neededInstalledMods": [],
    "neededUninstalledMods": [],
    "spawns": [
        {
            "id": "altaria-1",
            "pokemon": "altaria",
            "type": "pokemon",
            "context": "grounded",
            "bucket": "uncommon",
            "level": "35-49",
            "weight": 0.02,
            "condition": {
                "canSeeSky": true,
                "biomes": [
                    "#cobblemon:is_mountain",
                    "#cobblemon:is_sky"
                ],
                "timeRange": "day",
                "isRaining": false
            },
            "anticondition": {
                "biomes": [
                    "#cobblemon:is_freezing"
                ]
            }
        }
    ]
}