{
    "enabled": "true",
    "neededInstalledMods": [],
    "neededUninstalledMods": [],
    "spawns": [
        {
            "id": "zangoose-1",
            "pokemon": "zangoose",
            "type": "pokemon",
            "context": "grounded",
            "bucket": "uncommon",
            "level": "19-46",
            "weight": 2,
            "condition": {
                "canSeeSky": true,
                "biomes": [
                    "#cobblemon:is_savanna"
                ]
            }
        }
    ]
}