{
    "enabled": "true",
    "neededInstalledMods": [],
    "neededUninstalledMods": [],
    "spawns": [
        {
            "id": "lunatone-1",
            "pokemon": "lunatone",
            "type": "pokemon",
            "context": "grounded",
            "bucket": "uncommon",
            "level": "20-46",
            "weight": 2.0,
            "condition": {
                "canSeeSky": true,
                "biomes": [
                    "#cobblemon:is_dripstone"
                ],
                "timeRange": "night"
            }
        },
        {
            "id": "lunatone-2",
            "pokemon": "lunatone",
            "type": "pokemon",
            "context": "grounded",
            "bucket": "common",
            "level": "20-46",
            "weight": 2.0,
            "condition": {
                "canSeeSky": false,
                "biomes": [
                    "#cobblemon:is_dripstone"
                ]
            }
        },
        {
            "id": "lunatone-3",
            "pokemon": "lunatone",
            "type": "pokemon",
            "context": "grounded",
            "bucket": "rare",
            "level": "20-46",
            "weight": 2.0,
            "condition": {
                "canSeeSky": true,
                "biomes": [
                    "#cobblemon:is_mountain"
                ],
                "timeRange": "night"
            }
        },
        {
            "id": "lunatone-4",
            "pokemon": "lunatone",
            "presets": [
                "desert_temple"
            ],
            "type": "pokemon",
            "context": "grounded",
            "bucket": "common",
            "level": "12-30",
            "weight": 5.4,
            "condition": {
                "canSeeSky": false,
                "biomes": [
                    "#cobblemon:is_sandy"
                ]
            },
            "anticondition": {
                "biomes": [
                    "#cobblemon:is_abyss"
                ]
            }
        }
    ]
}