{
    "enabled": "true",
    "neededInstalledMods": [],
    "neededUninstalledMods": [],
    "spawns": [
        {
            "id": "claydol-1",
            "pokemon": "claydol",
            "presets": [
                "desert_temple"
            ],
            "type": "pokemon",
            "context": "grounded",
            "bucket": "common",
            "level": "36-50",
            "weight": 0.6,
            "condition": {
                "canSeeSky": false,
                "biomes": [
                    "#cobblemon:is_sandy"
                ]
            },
            "anticondition": {
                "biomes": [
                    "#cobblemon:is_abyss"
                ]
            }
        },
        {
            "id": "claydol-2",
            "pokemon": "claydol",
            "presets": [
                "natural"
            ],
            "type": "pokemon",
            "context": "grounded",
            "bucket": "rare",
            "level": "36-50",
            "weight": 0.6,
            "condition": {
                "canSeeSky": true,
                "biomes": [
                    "#cobblemon:is_sandy"
                ]
            }
        },
        {
            "id": "claydol-3",
            "pokemon": "claydol",
            "type": "pokemon",
            "context": "grounded",
            "bucket": "uncommon",
            "level": "40-60",
            "weight": 500,
            "condition": {
                "canSeeSky": true,
                "minY": 63,
                "biomes": [
                    "#cobblemon:is_sandy"
                ],
                "neededNearbyBlocks": [
                    "minecraft:clay"
                ]
            },
            "anticondition": {
                "neededNearbyBlocks": [
                    "minecraft:water"
                ]
            }
        }
    ]
}