{
    "enabled": "true",
    "neededInstalledMods": [],
    "neededUninstalledMods": [],
    "spawns": [
        {
            "id": "anorith-1",
            "pokemon": "anorith",
            "type": "pokemon",
            "context": "grounded",
            "bucket": "ultra-rare",
            "level": "16-35",
            "weight": 1.0,
            "condition": {
                "canSeeSky": true,
                "biomes": [
                    "#cobblemon:is_lush"
                ]
            }
        },
        {
            "id": "anorith",
            "pokemon": "anorith",
            "presets": [
                "underwater"
            ],
            "type": "pokemon",
            "context": "submerged",
            "bucket": "ultra-rare",
            "level": "16-35",
            "weight": 1.0,
            "condition": {
                "canSeeSky": true,
                "biomes": [
                    "#cobblemon:is_lush"
                ]
            }
        },
        {
            "id": "anorith",
            "pokemon": "anorith",
            "type": "pokemon",
            "context": "grounded",
            "bucket": "ultra-rare",
            "level": "16-35",
            "weight": 1.0,
            "condition": {
                "canSeeSky": false,
                "biomes": [
                    "#cobblemon:is_lush"
                ]
            }
        },
        {
            "id": "anorith",
            "pokemon": "anorith",
            "presets": [
                "underwater"
            ],
            "type": "pokemon",
            "context": "submerged",
            "bucket": "ultra-rare",
            "level": "16-35",
            "weight": 1.0,
            "condition": {
                "canSeeSky": false,
                "biomes": [
                    "#cobblemon:is_lush"
                ]
            }
        }
    ]
}