{
    "enabled": "true",
    "neededInstalledMods": [],
    "neededUninstalledMods": [],
    "spawns": [
        {
            "id": "keckleon-1",
            "pokemon": "keckleon",
            "type": "pokemon",
            "context": "grounded",
            "bucket": "uncommon",
            "level": "16-44",
            "weight": 3.0,
            "condition": {
                "canSeeSky": true,
                "biomes": [
                    "#cobblemon:is_jungle"
                ]
            }
        }
    ]
}