{
    "enabled": "true",
    "neededInstalledMods": [],
    "neededUninstalledMods": [],
    "spawns": [
        {
            "id": "shuppet-1",
            "pokemon": "shuppet",
            "type": "pokemon",
            "context": "grounded",
            "bucket": "common",
            "level": "13-36",
            "weight": 5.0,
            "condition": {
                "canSeeSky": true,
                "biomes": [
                    "#cobblemon:is_spooky"
                ],
                "timeRange": "night"
            }
        },
        {
            "id": "shuppet-2",
            "pokemon": "shuppet",
            "presets": [
                "mansion"
            ],
            "type": "pokemon",
            "context": "grounded",
            "bucket": "common",
            "level": "13-36",
            "weight": 16,
            "condition": {
                "canSeeSky": false,
                "biomes": [
                    "minecraft:dark_forest"
                ]
            }
        }
    ]
}