{
    "enabled": "true",
    "neededInstalledMods": [],
    "neededUninstalledMods": [],
    "spawns": [
        {
            "id": "banette-1",
            "pokemon": "banette",
            "type": "pokemon",
            "context": "grounded",
            "bucket": "common",
            "level": "37-45",
            "weight": 0.01,
            "condition": {
                "canSeeSky": true,
                "biomes": [
                    "#cobblemon:is_spooky"
                ],
                "timeRange": "night"
            }
        }
    ]
}