{
    "enabled": "true",
    "neededInstalledMods": [],
    "neededUninstalledMods": [],
    "spawns": [
        {
            "id": "dusclops-1",
            "pokemon": "dusclops",
            "presets": [
                "underground"
            ],
            "type": "pokemon",
            "context": "grounded",
            "bucket": "uncommon",
            "level": "37-45",
            "weight": 0.6,
            "condition": {
                "canSeeSky": false,
                "biomes": [
                    "#cobblemon:is_abyss"
                ]
            }
        },
        {
            "id": "dusclops-2",
            "pokemon": "dusclops",
            "type": "pokemon",
            "context": "grounded",
            "bucket": "rare",
            "level": "37-45",
            "weight": 2.0,
            "condition": {
                "biomes": [
                    "minecraft:soul_sand_valley"
                ]
            }
        },
        {
            "id": "dusclops-3",
            "pokemon": "dusclops",
            "type": "pokemon",
            "context": "grounded",
            "bucket": "rare",
            "level": "37-45",
            "weight": 2.0,
            "condition": {
                "canSeeSky": true,
                "biomes": [
                    "#cobblemon:is_spooky"
                ],
                "timeRange": "night"
            }
        }
    ]
}