{
    "enabled": "true",
    "neededInstalledMods": [],
    "neededUninstalledMods": [],
    "spawns": [
        {
            "id": "chimecho-1",
            "pokemon": "chimecho",
            "type": "pokemon",
            "context": "grounded",
            "bucket": "uncommon",
            "level": "29-45",
            "weight": 0.6,
            "condition": {
                "canSeeSky": true,
                "biomes": [
                    "#cobblemon:is_magical",
                    "#cobblemon:is_mountain",
                    "#cobblemon:is_spooky"
                ],
                "timeRange": "night"
            }
        }
    ]
}