{
    "enabled": "true",
    "neededInstalledMods": [],
    "neededUninstalledMods": [],
    "spawns": [
        {
            "id": "absol-1",
            "pokemon": "absol",
            "type": "pokemon",
            "context": "grounded",
            "bucket": "rare",
            "level": "25-46",
            "weight": 10.0,
            "condition": {
                "canSeeSky": true,
                "biomes": [
                    "#cobblemon:is_mountain"
                ]
            }
        }
    ]
}