{
    "enabled": "true",
    "neededInstalledMods": [],
    "neededUninstalledMods": [],
    "spawns": [
        {
            "id": "wynaut-1",
            "pokemon": "wynaut",
            "type": "pokemon",
            "context": "grounded",
            "bucket": "rare",
            "level": "3-26",
            "weight": 9.0,
            "condition": {
                "canSeeSky": false,
                "biomes": [
                    "#cobblemon:is_overworld"
                ]
            },
            "anticondition": {
                "biomes": [
                    "#cobblemon:is_abyss"
                ]
            }
        }
    ]
}