{
    "enabled": "true",
    "neededInstalledMods": [],
    "neededUninstalledMods": [],
    "spawns": [
        {
            "id": "walrein-1",
            "pokemon": "walrein",
            "type": "pokemon",
            "context": "grounded",
            "bucket": "rare",
            "level": "44-53",
            "weight": 3.0,
            "condition": {
                "canSeeSky": true,
                "biomes": [
                    "#cobblemon:is_frozen"
                ]
            }
        },
        {
            "id": "walrein-2",
            "pokemon": "walrein",
            "presets": [
                "underwater"
            ],
            "type": "pokemon",
            "context": "submerged",
            "bucket": "rare",
            "level": "44-53",
            "weight": 3.0,
            "condition": {
                "canSeeSky": true,
                "biomes": [
                    "#cobblemon:is_frozen"
                ]
            }
        }
    ]
}