{
    "enabled": "true",
    "neededInstalledMods": [],
    "neededUninstalledMods": [],
    "spawns": [
        {
            "id": "clamperl-1",
            "pokemon": "clamperl",
            "presets": [
                "underwater"
            ],
            "type": "pokemon",
            "context": "seafloor",
            "bucket": "uncommon",
            "level": "15-34",
            "weight": 9.0,
            "condition": {
                "canSeeSky": true,
                "biomes": [
                    "#cobblemon:is_deep"
                ]
            }
        },
        {
            "id": "clamperl-2",
            "pokemon": "clamperl",
            "presets": [
                "ocean_ruins"
            ],
            "type": "pokemon",
            "context": "grounded",
            "bucket": "common",
            "level": "15-34",
            "weight": 20,
            "condition": {
                "biomes": [
                    "#minecraft:is_ocean"
                ]
            }
        }
    ]
}