{
    "enabled": "true",
    "neededInstalledMods": [],
    "neededUninstalledMods": [],
    "spawns": [
        {
            "id": "huntail-1",
            "pokemon": "huntail",
            "presets": [
                "underwater"
            ],
            "type": "pokemon",
            "context": "submerged",
            "bucket": "uncommon",
            "level": "35-48",
            "weight": 2.0,
            "condition": {
                "canSeeSky": true,
                "biomes": [
                    "#cobblemon:is_deep"
                ]
            }
        }
    ]
}