{
    "enabled": "true",
    "neededInstalledMods": [],
    "neededUninstalledMods": [],
    "spawns": [
        {
            "id": "relicanth-1",
            "pokemon": "relicanth",
            "presets": [
                "underwater"
            ],
            "type": "pokemon",
            "context": "submerged",
            "bucket": "rare",
            "level": "20-48",
            "weight": 10.0,
            "condition": {
                "biomes": [
                    "#cobblemon:is_deep"
                ]
            }
        },
        {
            "id": "relicanth-2",
            "pokemon": "relicanth",
            "presets": [
                "ocean_ruins"
            ],
            "type": "pokemon",
            "context": "grounded",
            "bucket": "uncommon",
            "level": "20-48",
            "weight": 40,
            "condition": {
                "biomes": [
                    "#minecraft:is_ocean"
                ]
            }
        }
    ]
}