{
    "enabled": "true",
    "neededInstalledMods": [],
    "neededUninstalledMods": [],
    "spawns": [
        {
            "id": "luvdisc-1",
            "pokemon": "luvdisc",
            "presets": [
                "underwater"
            ],
            "type": "pokemon",
            "context": "submerged",
            "bucket": "common",
            "level": "4-33",
            "weight": 10.0,
            "condition": {
                "canSeeSky": true,
                "biomes": [
                    "#cobblemon:is_reef"
                ],
                "timeRange": "day"
            }
        },
        {
            "id": "luvdisc-2",
            "pokemon": "luvdisc",
            "presets": [
                "water_surface"
            ],
            "type": "pokemon",
            "context": "surface",
            "bucket": "common",
            "level": "4-33",
            "weight": 1000.0,
            "condition": {
                "canSeeSky": true,
                "biomes": [
                    "#cobblemon:is_reef"
                ],
                "timeRange": "dusk"
            }
        }
    ]
}