{
    "enabled": "true",
    "neededInstalledMods": [],
    "neededUninstalledMods": [],
    "spawns": [
        {
            "id": "shelgon-1",
            "pokemon": "shelgon",
            "type": "pokemon",
            "context": "grounded",
            "bucket": "ultra-rare",
            "level": "30-42",
            "weight": 5.0,
            "condition": {
                "canSeeSky": true,
                "biomes": [
                    "#cobblemon:is_dripstone"
                ]
            }
        },
        {
            "id": "shelgon-2",
            "pokemon": "shelgon",
            "type": "pokemon",
            "context": "grounded",
            "bucket": "rare",
            "level": "30-42",
            "weight": 2.0,
            "condition": {
                "canSeeSky": false,
                "biomes": [
                    "#cobblemon:is_dripstone"
                ]
            }
        }
    ]
}