{
    "enabled": "true",
    "neededInstalledMods": [],
    "neededUninstalledMods": [],
    "spawns": [
        {
            "id": "salamence-1",
            "pokemon": "salamence",
            "type": "pokemon",
            "context": "grounded",
            "bucket": "ultra-rare",
            "level": "50-60",
            "weight": 0.05,
            "condition": {
                "canSeeSky": true,
                "biomes": [
                    "#cobblemon:is_dripstone",
                    "#cobblemon:is_mountain",
                    "#cobblemon:is_sky"
                ]
            },
            "anticondition": {
                "biomes": [
                    "#cobblemon:is_freezing"
                ]
            }
        },
        {
            "id": "salamence-2",
            "pokemon": "salamence",
            "type": "pokemon",
            "context": "grounded",
            "bucket": "rare",
            "level": "50-60",
            "weight": 0.01,
            "condition": {
                "canSeeSky": false,
                "biomes": [
                    "#cobblemon:is_dripstone"
                ]
            }
        }
    ]
}