{
    "enabled": "true",
    "neededInstalledMods": [],
    "neededUninstalledMods": [],
    "spawns": [
        {
            "id": "metang-1",
            "pokemon": "metang",
            "type": "pokemon",
            "context": "grounded",
            "bucket": "ultra-rare",
            "level": "20-44",
            "weight": 1.0,
            "condition": {
                "biomes": [
                    "#cobblemon:is_mountain"
                ]
            }
        }
    ]
}