{
    "enabled": "true",
    "neededInstalledMods": [],
    "neededUninstalledMods": [],
    "spawns": [
        {
            "id": "metagross-1",
            "pokemon": "metagross",
            "type": "pokemon",
            "context": "grounded",
            "bucket": "ultra-rare",
            "level": "45-60",
            "weight": 0.01,
            "condition": {
                "biomes": [
                    "#cobblemon:is_mountain"
                ]
            }
        }
    ]
}