{
    "enabled": "true",
    "neededInstalledMods": [],
    "neededUninstalledMods": [],
    "spawns": [
        {
            "id": "starly-1",
            "pokemon": "starly",
            "presets": [
                "natural"
            ],
            "type": "pokemon",
            "context": "grounded",
            "bucket": "common",
            "level": "5-24",
            "weight": 6.0,
            "condition": {
                "canSeeSky": true,
                "biomes": [
                    "#cobblemon:is_sky",
                    "#cobblemon:is_taiga",
                    "#cobblemon:is_forest"
                ],
                "timeRange": "day",
                "isRaining": false
            }
        }
    ]
}