{
    "enabled": true,
    "neededInstalledMods": [],
    "neededUninstalledMods": [],
    "spawns": [
        {
            "id": "pachirisu-1",
            "pokemon": "pachirisu",
            "presets": [
                "natural",
				"treetop"
            ],
            "type": "pokemon",
            "context": "grounded",
            "bucket": "uncommon",
            "level": "13-40",
            "weight": 10.0,
            "condition": {
                "canSeeSky": true,
                "biomes": [
                    "#cobblemon:is_forest"
                ]
            },
            "anticondition": {
                "biomes": [
                    "#cobblemon:is_spooky"
                ]
            }
        },
        {
            "id": "pachirisu-2",
            "pokemon": "pachirisu",
            "presets": [
                "near_crops"
            ],
            "type": "pokemon",
            "context": "grounded",
            "bucket": "common",
            "level": "13-40",
            "weight": 50.0,
            "condition": {
                "canSeeSky": true,
                "timeRange": "day",
                "biomes": [
                    "#cobblemon:is_forest"
                ]
            },
            "anticondition": {
                "biomes": [
                    "#cobblemon:is_spooky"
                ]
            }
        },
        {
            "id": "pachirisu-3",
            "pokemon": "pachirisu",
            "type": "pokemon",
            "context": "grounded",
            "bucket": "common",
            "level": "13-40",
            "weight": 500.0,
            "condition": {
                "canSeeSky": true,
                "timeRange": "day",
                "biomes": [
                    "#cobblemon:is_forest"
                ],
                "neededBaseBlocks": [
                    "minecraft:grass_block"
                ],
                "neededNearbyBlocks": [
                    "minecraft:pumpkin",
                    "minecraft:carved_pumpkin",
                    "minecraft:melon"
                ]
            },
            "anticondition": {
                "biomes": [
                    "#cobblemon:is_spooky"
                ]
            }
        }
    ]
}