{
    "enabled": true,
    "neededInstalledMods": [],
    "neededUninstalledMods": [],
    "spawns": [
        {
            "id": "buneary-1",
            "pokemon": "buneary",
            "presets": [
                "natural"
            ],
            "type": "pokemon",
            "context": "grounded",
            "bucket": "common",
            "level": "8-35",
            "weight": 9.9,
            "condition": {
                "canSeeSky": true,
                "biomes": [
                    "#cobblemon:is_forest",
                    "#cobblemon:is_hills",
					"#cobblemon:is_snowy"
                ]
            }
        },
        {
            "id": "buneary-2",
            "pokemon": "buneary",
            "presets": [
                "near_crops"
            ],
            "type": "pokemon",
            "context": "grounded",
            "bucket": "common",
            "level": "8-35",
            "weight": 50,
            "condition": {
                "canSeeSky": true,
                "timeRange": "day",
                "biomes": [
                    "#cobblemon:is_forest",
                    "#cobblemon:is_hills",
					"#cobblemon:is_snowy"
                ]
            }
        },
        {
            "id": "buneary-3",
            "pokemon": "buneary",
            "type": "pokemon",
            "context": "grounded",
            "bucket": "common",
            "level": "3-15",
            "weight": 500,
            "condition": {
                "canSeeSky": true,
                "timeRange": "day",
                "biomes": [
                    "#cobblemon:is_forest",
                    "#cobblemon:is_hills",
					"#cobblemon:is_snowy"
                ],
                "neededBaseBlocks": [
                    "minecraft:grass_block"
                ],
                "neededNearbyBlocks": [
                    "minecraft:carrots"
                ]
            }
        }
    ]
}