{
    "enabled": "true",
    "neededInstalledMods": [],
    "neededUninstalledMods": [],
    "spawns": [
        {
            "id": "chingling-1",
            "pokemon": "chingling",
            "presets": [
                "natural",
                "desert_temple"
            ],
            "type": "pokemon",
            "context": "grounded",
            "bucket": "uncommon",
            "level": "10-28",
            "weight": 5.4,
            "condition": {
                "canSeeSky": true,
                "biomes": [
                    "#cobblemon:is_magical",
                    "#cobblemon:is_mountain",
                    "#cobblemon:is_spooky"
                ],
                "timeRange": "night"
            }
        }
    ]
}