{
    "enabled": true,
    "neededInstalledMods": [],
    "neededUninstalledMods": [],
    "spawns": [
        {
            "id": "mimejr-1",
            "pokemon": "mimejr",
            "presets": [
                "natural",
				"urban"
            ],
            "type": "pokemon",
            "context": "grounded",
            "bucket": "uncommon",
            "level": "12-31",
            "weight": 1.8,
            "condition": {
                "canSeeSky": true,
                "biomes": [
                    "#cobblemon:is_arid",
                    "#cobblemon:is_taiga",
                    "#cobblemon:is_temperate"
                ]
            },
            "anticondition": {
                "biomes": [
                    "#cobblemon:is_freezing"
                ]
            }
        },
        {
            "id": "mimejr-2",
            "pokemon": "mimejr",
            "type": "pokemon",
            "context": "grounded",
            "bucket": "common",
            "level": "5-15",
            "weight": 50,
            "condition": {
                "canSeeSky": true,
                "isRaining": false,
                "minY": 63,
                "neededNearbyBlocks": [
                    "minecraft:tinted_glass"
                ],
                "neededBaseBlocks": [
                    "minecraft:grass_block"
                ],
                "biomes": [
                    "#cobblemon:is_arid",
                    "#cobblemon:is_taiga",
                    "#cobblemon:is_temperate"
                ]
            },
            "anticondition": {
                "biomes": [
                    "#cobblemon:is_snowy"
                ]
            }
        }
    ]
}