{
    "enabled": "true",
    "neededInstalledMods": [],
    "neededUninstalledMods": [],
    "spawns": [
        {
            "id": "drapion-1",
            "pokemon": "drapion",
            "presets": [
                "natural"
            ],
            "type": "pokemon",
            "context": "grounded",
            "bucket": "uncommon",
            "level": "40-50",
            "weight": 1.0,
            "condition": {
                "canSeeSky": true,
                "biomes": [
                    "#cobblemon:is_desert"
                ],
                "timeRange": "night"
            }
        }
    ]
}