{
    "enabled": "true",
    "neededInstalledMods": [],
    "neededUninstalledMods": [],
    "spawns": [
        {
            "id": "toxicroak-1",
            "pokemon": "toxicroak",
            "presets": [
                "natural"
            ],
            "type": "pokemon",
            "context": "grounded",
            "bucket": "uncommon",
            "level": "37-49",
            "weight": 0.5,
            "condition": {
                "canSeeSky": true,
                "biomes": [
                    "#cobblemon:is_jungle"
                ],
                "isRaining": true
            }
        }
    ]
}