{
    "enabled": "true",
    "neededInstalledMods": [],
    "neededUninstalledMods": [],
    "spawns": [
        {
            "id": "snover-1",
            "pokemon": "snover",
            "type": "pokemon",
            "context": "grounded",
            "bucket": "uncommon",
            "level": "10-39",
            "weight": 9.0,
            "condition": {
                "canSeeSky": true,
                "biomes": [
                    "#cobblemon:is_snowy"
                ]
            },
            "anticondition": {
                "biomes": [
                    "#cobblemon:is_tundra"
                ]
            }
        }
    ]
}