{
    "enabled": "true",
    "neededInstalledMods": [],
    "neededUninstalledMods": [],
    "spawns": [
        {
            "id": "abomasnow-1",
            "pokemon": "abomasnow",
            "type": "pokemon",
            "context": "grounded",
            "bucket": "rare",
            "level": "40-49",
            "weight": 1.0,
            "condition": {
                "canSeeSky": true,
                "biomes": [
                    "#cobblemon:is_snowy"
                ],
                "isRaining": true
            },
            "anticondition": {
                "biomes": [
                    "#cobblemon:is_tundra"
                ]
            }
        }
    ]
}