{
    "enabled": "true",
    "neededInstalledMods": [],
    "neededUninstalledMods": [],
    "spawns": [
        {
            "id": "abomasnow",
            "pokemon": "abomasnow",
            "type": "pokemon",
            "context": "grounded",
            "bucket": "rare",
            "level": "40-49",
            "weight": 1.0,
            "condition": {
                "canSeeSky": true,
                "biomes": [
                    "#cobblemon:is_snowy"
                ],
                "isRaining": true
            },
            "anticondition": {
                "biomes": [
                    "#cobblemon:is_tundra"
                ]
            }
        },
        {
            "id": "abomasnow-2",
            "pokemon": "abomasnow",
            "presets": [
                "natural"
            ],
            "type": "pokemon",
            "context": "grounded",
            "bucket": "uncommon",
            "level": "40-49",
            "weight": 8,
 "condition": {
                "canSeeSky": true,
                "biomes": [
                    "#cobblemon:is_mountain",
                    "#cobblemon:is_peak"
                ],
                "isThundering": true,
        "minY": 100,
                 "neededNearbyBlocks": [
		 "minecraft:spruce_log",
		 "minecraft:spruce_leaves"
],
                 "neededBaseBlocks": [
		 "minecraft:snow_block",
		 "minecraft:ice"
]
            },
"anticondition": {
     "biomes": [
                 "terralith:volcanic_peaks"
]
}
        }

    ]
}