{
    "enabled": true,
    "neededInstalledMods": [],
    "neededUninstalledMods": [],
    "spawns": [
        {
            "id": "electivire-1",
            "pokemon": "electivire",
            "presets": [
                "natural"
            ],
            "type": "pokemon",
            "context": "grounded",
            "bucket": "common",
            "level": "50-54",
            "weight": 0.06,
            "condition": {
                "canSeeSky": true,
                "biomes": [
                    "#cobblemon:is_plains"
                ],
                "isThundering": true
            }
        },
        {
            "id": "electivire-2",
            "pokemon": "electivire",
            "type": "pokemon",
            "context": "grounded",
            "bucket": "common",
            "level": "50-54",
            "weight": 0.02,
            "condition": {
                "canSeeSky": true,
                "biomes": [
                    "#cobblemon:is_plains"
                ],
				"neededNearbyBlocks": [
                    "minecraft:lightning_rod"
                ]
            }
        },
        {
            "id": "electivire-3",
            "pokemon": "electivire",
            "type": "pokemon",
            "context": "grounded",
            "bucket": "rare",
            "level": "45-65",
            "weight": 50,
            "condition": {
                "canSeeSky": true,
                "minY": 63,
                "timeRange": "day",
                "biomes": [
                    "#cobblemon:is_overworld"
                ],
				"neededNearbyBlocks": [
                    "minecraft:lightning_rod"
                ],
                "neededBaseBlocks": [
                    "minecraft:copper_block",
                    "minecraft:waxed_copper_block"
                ]
            }
        }
    ]
}