{
    "enabled": "true",
    "neededInstalledMods": [],
    "neededUninstalledMods": [],
    "spawns": [
        {
            "id": "togekiss-1",
            "pokemon": "togekiss",
            "type": "pokemon",
            "context": "grounded",
            "bucket": "ultra-rare",
            "level": "45-60",
            "weight": 0.9,
            "condition": {
                "canSeeSky": true,
                "biomes": [
                    "#cobblemon:is_floral",
                    "#cobblemon:is_magical",
                    "#cobblemon:is_sky"
                ],
                "timeRange": "day",
                "isRaining": false
            },
            "anticondition": {
                "biomes": [
                    "#cobblemon:is_plains",
                    "#cobblemon:is_spooky"
                ]
            }
        }
    ]
}