{
    "enabled": true,
    "neededInstalledMods": [],
    "neededUninstalledMods": [],
    "spawns": [
        {
            "id": "glaceon-1",
            "pokemon": "glaceon",
            "presets": [
                "natural"
            ],
            "type": "pokemon",
            "context": "grounded",
            "bucket": "ultra-rare",
            "level": "33-52",
            "weight": 0.1,
            "condition": {
                "canSeeSky": true,
                "biomes": [
                    "#cobblemon:is_snowy"
                ]
            }
        },
        {
            "id": "glaceon-2",
            "pokemon": "glaceon",
            "presets": [
                "natural"
            ],
            "type": "pokemon",
            "context": "grounded",
            "bucket": "uncommon",
            "level": "33-52",
            "weight": 15,
 "condition": {
                "canSeeSky": true,
                "biomes": [
                    "#cobblemon:is_mountain",
                    "#cobblemon:is_peak"
                ],
                "isThundering": true,
        "minY": 100,
                 "neededNearbyBlocks": [
		 "minecraft:powder_snow"
],
                 "neededBaseBlocks": [
		 "minecraft:snow_block"]
            },
"anticondition": {
     "biomes": [
                 "terralith:volcanic_peaks"
]
}
        }

    ]
}