{
    "enabled": true,
    "neededInstalledMods": [],
    "neededUninstalledMods": [],
    "spawns": [
        {
            "id": "mamoswine-1",
            "pokemon": "mamoswine",
            "presets": [
                "natural"
            ],
            "type": "pokemon",
            "context": "grounded",
            "bucket": "common",
            "level": "46-53",
            "weight": 0.1,
            "condition": {
                "canSeeSky": true,
                "biomes": [
                    "#cobblemon:is_tundra"
                ]
            }
        },
        {
            "id": "mamoswine-2",
            "pokemon": "mamoswine",
            "presets": [
                "natural"
            ],
            "type": "pokemon",
            "context": "grounded",
            "bucket": "uncommon",
            "level": "46-53",
            "weight": 10,
 "condition": {
                "canSeeSky": true,
                "biomes": [
                    "#cobblemon:is_mountain",
                    "#cobblemon:is_peak"
                ],
                "isThundering": true,
        "minY": 100,
                 "neededNearbyBlocks": [
		 "minecraft:ice"
]
            },
"anticondition": {
     "biomes": [
                 "terralith:volcanic_peaks"
]
}
        }

    ]
}