{
    "enabled": "true",
    "neededInstalledMods": [],
    "neededUninstalledMods": [],
    "spawns": [
        {
            "id": "purrloin-1",
            "pokemon": "purrloin",
            "presets": [
                "urban"
            ],
            "type": "pokemon",
            "context": "grounded",
            "bucket": "common",
            "level": "5-25",
            "weight": 5.0,
            "condition": {
                "canSeeSky": true,
                "biomes": [
                    "#cobblemon:is_plains"
                ]
            }
        },
        {
            "id": "purrloin-2",
            "pokemon": "purrloin",
            "presets": [
                "mansion"
            ],
            "type": "pokemon",
            "context": "grounded",
            "bucket": "common",
            "level": "5-25",
            "weight": 7,
            "condition": {
                "canSeeSky": false,
                "biomes": [
                    "minecraft:dark_forest"
                ]
            }
        }
    ]
}