{
    "enabled": "true",
    "neededInstalledMods": [],
    "neededUninstalledMods": [],
    "spawns": [
        {
            "id": "munna-1",
            "pokemon": "munna",
            "presets": [
                "natural"
            ],
            "type": "pokemon",
            "context": "grounded",
            "bucket": "rare",
            "level": "5-30",
            "weight": 6.0,
            "condition": {
                "canSeeSky": true,
                "biomes": [
                    "#cobblemon:is_forest"
                ],
                "timeRange": "night",
                "isRaining": false
            }
        },
        {
            "id": "munna-2",
            "pokemon": "munna",
            "type": "pokemon",
            "context": "grounded",
            "bucket": "uncommon",
            "level": "5-30",
            "weight": 10,
            "condition": {
                "canSeeSky": false,
                "biomes": [
                    "minecraft:dark_forest"
                ],
		"neededNearbyBlocks": [
			"#minecraft:bed"
],
		"neededBaseBlocks": [
			"minecraft:birch_planks"
]
            }
        }
    ]
}