{
  "name": "Gardevoir",
  "nationalPokedexNumber": 282,
  "primaryType": "psychic",
  "secondaryType": "fairy",
  "abilities": [
    "synchronize",
    "trace",
    "h:telepathy"
  ],
  "baseStats": {
    "hp": 68,
    "attack": 65,
    "defence": 65,
    "special_attack": 125,
    "special_defence": 115,
    "speed": 80
  },
  "catchRate": 45,
  "maleRatio": 0.5,
  "shoulderMountable": false,
  "forms": [
    {
      "name": "Mega",
      "primaryType": "psychic",
      "secondaryType": "fairy",
      "abilities": [
        "pixilate"
      ],
      "baseStats": {
        "hp": 68,
        "attack": 85,
        "defence": 65,
        "special_attack": 165,
        "special_defence": 135,
        "speed": 100
      },
      "catchRate": 45,
      "maleRatio": 0.5,
      "baseExperienceYield": 278,
      "baseFriendship": 35,
      "evYield": {
        "hp": 0,
        "attack": 0,
        "defence": 0,
        "special_attack": 3,
        "special_defence": 0,
        "speed": 0
      },
      "experienceGroup": "slow",
      "eggCycles": 20,
      "eggGroups": [
        "amorphous"
      ],
      "moves": [],
      "labels": [
        "gen6",
        "mega"
      ],
      "aspects": [
        "mega"
      ],
      "height": 16,
      "weight": 484,
      "evolutions": [],
      "cannotDynamax": false,
      "battleOnly": true
    }
  ],
  "baseExperienceYield": 259,
  "experienceGroup": "slow",
  "eggCycles": 20,
  "eggGroups": [
    "human_like",
    "amorphous"
  ],
  "behaviour": {
    "resting": {
      "canSleep": true,
      "willSleepOnBed": true,
      "depth": "normal",
      "light": "0-4"
    }
  },
  "moves": [
    "1:charm",
    "1:confusion",
    "1:disarmingvoice",
    "1:doubleteam",
    "1:growl",
    "1:healingwish",
    "1:healpulse",
    "1:mistyterrain",
    "1:mysticalfire",
    "9:hypnosis",
    "12:drainingkiss",
    "15:teleport",
    "18:psybeam",
    "23:lifedew",
    "28:wish",
    "35:calmmind",
    "42:psychic",
    "44:captivate",
    "49:moonblast",
    "56:dreameater",
    "63:futuresight",
    "tm:allyswitch",
    "tm:attract",
    "tm:aurasphere",
    "tm:bodyslam",
    "tm:calmmind",
    "tm:chargebeam",
    "tm:charm",
    "tm:confide",
    "tm:confuseray",
    "tm:dazzlinggleam",
    "tm:disarmingvoice",
    "tm:drainingkiss",
    "tm:echoedvoice",
    "tm:encore",
    "tm:endure",
    "tm:energyball",
    "tm:facade",
    "tm:firepunch",
    "tm:flash",
    "tm:fling",
    "tm:focusblast",
    "tm:frustration",
    "tm:gigaimpact",
    "tm:grassknot",
    "tm:guardswap",
    "tm:helpinghand",
    "tm:hiddenpower",
    "tm:hyperbeam",
    "tm:hypervoice",
    "tm:icepunch",
    "tm:icywind",
    "tm:imprison",
    "tm:lightscreen",
    "tm:magicalleaf",
    "tm:magicroom",
    "tm:megakick",
    "tm:megapunch",
    "tm:metronome",
    "tm:mistyterrain",
    "tm:naturalgift",
    "tm:nightshade",
    "tm:powerswap",
    "tm:protect",
    "tm:psybeam",
    "tm:psychic",
    "tm:psychicterrain",
    "tm:psychup",
    "tm:psyshock",
    "tm:raindance",
    "tm:reflect",
    "tm:rest",
    "tm:return",
    "tm:round",
    "tm:safeguard",
    "tm:secretpower",
    "tm:shadowball",
    "tm:skillswap",
    "tm:sleeptalk",
    "tm:snore",
    "tm:storedpower",
    "tm:substitute",
    "tm:sunnyday",
    "tm:swagger",
    "tm:swift",
    "tm:taunt",
    "tm:terablast",
    "tm:thief",
    "tm:thunderbolt",
    "tm:thunderpunch",
    "tm:thunderwave",
    "tm:torment",
    "tm:toxic",
    "tm:trick",
    "tm:trickroom",
    "tm:willowisp",
    "tm:wonderroom",
    "tm:zenheadbutt",
    "tutor:defensecurl",
    "tutor:doubleedge",
    "tutor:expandingforce",
    "tutor:headbutt",
    "tutor:healbell",
    "tutor:laserfocus",
    "tutor:magiccoat",
    "tutor:mimic",
    "tutor:mistyexplosion",
    "tutor:mudslap",
    "tutor:nightmare",
    "tutor:painsplit",
    "tutor:recycle",
    "tutor:shockwave",
    "tutor:signalbeam",
    "tutor:snatch",
    "tutor:telekinesis",
    "tutor:tripleaxel"
  ],
  "labels": [
    "gen3"
  ],
  "pokedex": [
    "cobblemon.species.gardevoir.desc"
  ],
  "preEvolution": "kirlia",
  "evolutions": [],
  "baseScale": 1,
  "hitbox": {
    "width": 1.1,
    "height": 2.2,
    "fixed": false
  },
  "baseFriendship": 35,
  "evYield": {
    "hp": 0,
    "attack": 0,
    "defence": 0,
    "special_attack": 3,
    "special_defence": 0,
    "speed": 0
  },
  "height": 16,
  "weight": 484,
  "aspects": [],
  "cannotDynamax": false
}