{
  "name": "Metang",
  "nationalPokedexNumber": 375,
  "primaryType": "steel",
  "secondaryType": "psychic",
  "abilities": [
    "clearbody",
    "h:lightmetal"
  ],
  "baseStats": {
    "hp": 60,
    "attack": 75,
    "defence": 100,
    "special_attack": 55,
    "special_defence": 80,
    "speed": 50
  },
  "catchRate": 3,
  "maleRatio": -1,
  "shoulderMountable": false,
  "baseExperienceYield": 147,
  "experienceGroup": "slow",
  "eggCycles": 40,
  "eggGroups": [
    "mineral"
  ],
   "behaviour": {
    "moving": {
      "fly": {
        "canFly": true
      }
    }
  },
  "moves": [
    "1:bulletpunch",
    "1:tackle",
    "6:zenheadbutt",
    "12:magnetrise",
    "18:flashcannon",
    "23:pursuit",
    "26:takedown",
    "29:miracleeye",
    "34:psychic",
    "42:scaryface",
    "50:meteormash",
    "58:irondefense",
    "66:agility",
    "74:hyperbeam",
    "tm:aerialace",
    "tm:agility",
    "tm:allyswitch",
    "tm:bodyslam",
    "tm:brickbreak",
    "tm:bulldoze",
    "tm:confide",
    "tm:cosmicpower",
    "tm:cut",
    "tm:doubleteam",
    "tm:earthquake",
    "tm:endure",
    "tm:explosion",
    "tm:facade",
    "tm:flash",
    "tm:flashcannon",
    "tm:frustration",
    "tm:grassknot",
    "tm:gyroball",
    "tm:hiddenpower",
    "tm:honeclaws",
    "tm:hyperbeam",
    "tm:icepunch",
    "tm:icywind",
    "tm:irondefense",
    "tm:ironhead",
    "tm:lightscreen",
    "tm:naturalgift",
    "tm:poweruppunch",
    "tm:protect",
    "tm:psychic",
    "tm:psychocut",
    "tm:psychup",
    "tm:psyshock",
    "tm:raindance",
    "tm:reflect",
    "tm:rest",
    "tm:return",
    "tm:rockpolish",
    "tm:rockslide",
    "tm:rocksmash",
    "tm:rocktomb",
    "tm:round",
    "tm:sandstorm",
    "tm:scaryface",
    "tm:secretpower",
    "tm:selfdestruct",
    "tm:shadowball",
    "tm:sleeptalk",
    "tm:sludgebomb",
    "tm:snore",
    "tm:stealthrock",
    "tm:strength",
    "tm:substitute",
    "tm:sunnyday",
    "tm:swagger",
    "tm:swift",
    "tm:thunderpunch",
    "tm:toxic",
    "tm:trick",
    "tm:zenheadbutt",
    "tutor:defensecurl",
    "tutor:doubleedge",
    "tutor:dynamicpunch",
    "tutor:expandingforce",
    "tutor:furycutter",
    "tutor:gravity",
    "tutor:headbutt",
    "tutor:meteorbeam",
    "tutor:mimic",
    "tutor:mudslap",
    "tutor:refresh",
    "tutor:rollout",
    "tutor:signalbeam",
    "tutor:steelbeam",
    "tutor:steelroller",
    "tutor:telekinesis"
  ],
  "labels": [
    "gen3"
  ],
  "pokedex": [
    "cobblemon.species.metang.desc"
  ],
  "preEvolution": "beldum",
  "evolutions": [
    {
      "id": "metang_metagross",
      "variant": "level_up",
      "result": "metagross",
      "consumeHeldItem": false,
      "learnableMoves": [
        "hammerarm"
      ],
      "requirements": [
        {
          "variant": "level",
          "minLevel": 45
        }
      ]
    }
  ],
  "baseScale": 1,
  "hitbox": {
    "width": 1.25,
    "height": 1,
    "fixed": false
  },
  "baseFriendship": 35,
  "evYield": {
    "hp": 0,
    "attack": 0,
    "defence": 2,
    "special_attack": 0,
    "special_defence": 0,
    "speed": 0
  },
  "height": 12,
  "weight": 2025,
  "aspects": [],
  "cannotDynamax": false
}