{
  "name": "Metagross",
  "nationalPokedexNumber": 376,
  "primaryType": "steel",
  "secondaryType": "psychic",
  "abilities": [
    "clearbody",
    "h:lightmetal"
  ],
  "baseStats": {
    "hp": 80,
    "attack": 135,
    "defence": 130,
    "special_attack": 95,
    "special_defence": 90,
    "speed": 70
  },
  "catchRate": 3,
  "maleRatio": -1,
  "shoulderMountable": false,
  "forms": [
    {
      "name": "Mega",
      "primaryType": "steel",
      "secondaryType": "psychic",
      "abilities": [
        "toughclaws"
      ],
      "baseStats": {
        "hp": 80,
        "attack": 145,
        "defence": 150,
        "special_attack": 105,
        "special_defence": 110,
        "speed": 110
      },
      "catchRate": 3,
      "maleRatio": -1,
      "baseExperienceYield": 315,
      "baseFriendship": 35,
      "evYield": {
        "hp": 0,
        "attack": 0,
        "defence": 3,
        "special_attack": 0,
        "special_defence": 0,
        "speed": 0
      },
      "experienceGroup": "slow",
      "eggCycles": 40,
      "eggGroups": [
        "mineral"
      ],
      "moves": [],
      "labels": [
        "gen6",
        "mega",
        "pseudo_legendary"
      ],
      "aspects": [
        "mega"
      ],
      "height": 25,
      "weight": 9429,
      "evolutions": [],
      "cannotDynamax": false,
      "battleOnly": true
    }
  ],
  "baseExperienceYield": 300,
  "experienceGroup": "slow",
  "eggCycles": 40,
  "eggGroups": [
    "mineral"
  ],
  "moves": [
    "1:confusion",
    "1:magnetrise",
    "1:metalclaw",
    "1:scaryface",
    "1:tackle",
    "1:takedown",
    "16:flashcannon",
    "26:miracleeye",
    "32:bulletpunch",
    "32:pursuit",
    "38:psychic",
    "44:irondefense",
    "45:hammerarm",
    "55:meteormash",
    "62:zenheadbutt",
    "66:agility",
    "77:hyperbeam",
    "tm:aerialace",
    "tm:agility",
    "tm:allyswitch",
    "tm:bodypress",
    "tm:bodyslam",
    "tm:brickbreak",
    "tm:brutalswing",
    "tm:bulldoze",
    "tm:confide",
    "tm:cosmicpower",
    "tm:cut",
    "tm:doubleteam",
    "tm:earthquake",
    "tm:endure",
    "tm:explosion",
    "tm:facade",
    "tm:flash",
    "tm:flashcannon",
    "tm:frustration",
    "tm:gigaimpact",
    "tm:grassknot",
    "tm:gyroball",
    "tm:hiddenpower",
    "tm:honeclaws",
    "tm:hyperbeam",
    "tm:icepunch",
    "tm:icywind",
    "tm:irondefense",
    "tm:ironhead",
    "tm:lightscreen",
    "tm:naturalgift",
    "tm:poweruppunch",
    "tm:protect",
    "tm:psychic",
    "tm:psychocut",
    "tm:psychup",
    "tm:psyshock",
    "tm:raindance",
    "tm:reflect",
    "tm:rest",
    "tm:return",
    "tm:rockpolish",
    "tm:rockslide",
    "tm:rocksmash",
    "tm:rocktomb",
    "tm:round",
    "tm:sandstorm",
    "tm:scaryface",
    "tm:secretpower",
    "tm:selfdestruct",
    "tm:shadowball",
    "tm:sleeptalk",
    "tm:sludgebomb",
    "tm:snore",
    "tm:stealthrock",
    "tm:stompingtantrum",
    "tm:strength",
    "tm:substitute",
    "tm:sunnyday",
    "tm:swagger",
    "tm:swift",
    "tm:telekinesis",
    "tm:thunderpunch",
    "tm:toxic",
    "tm:trick",
    "tm:zenheadbutt",
    "tutor:agility",
    "tutor:allyswitch",
    "tutor:block",
    "tutor:bodyslam",
    "tutor:bulletpunch",
    "tutor:defensecurl",
    "tutor:doubleedge",
    "tutor:dynamicpunch",
    "tutor:earthquake",
    "tutor:endure",
    "tutor:expandingforce",
    "tutor:explosion",
    "tutor:furycutter",
    "tutor:gravity",
    "tutor:hammerarm",
    "tutor:headbutt",
    "tutor:hyperbeam",
    "tutor:icepunch",
    "tutor:icywind",
    "tutor:irondefense",
    "tutor:ironhead",
    "tutor:laserfocus",
    "tutor:magnetrise",
    "tutor:meteorbeam",
    "tutor:meteormash",
    "tutor:mimic",
    "tutor:mudslap",
    "tutor:protect",
    "tutor:psychic",
    "tutor:psychup",
    "tutor:rockslide",
    "tutor:rollout",
    "tutor:selfdestruct",
    "tutor:signalbeam",
    "tutor:sleeptalk",
    "tutor:snore",
    "tutor:stealthrock",
    "tutor:steelbeam",
    "tutor:steelroller",
    "tutor:stompingtantrum",
    "tutor:substitute",
    "tutor:swagger",
    "tutor:swift",
    "tutor:telekinesis",
    "tutor:thunderpunch",
    "tutor:trick",
    "tutor:zenheadbutt"
  ],
  "labels": [
    "gen3",
    "pseudo_legendary"
  ],
  "pokedex": [
    "cobblemon.species.metagross.desc"
  ],
  "preEvolution": "metang",
  "evolutions": [],
  "baseScale": 1,
  "hitbox": {
    "width": 2.75,
    "height": 2,
    "fixed": false
  },
  "baseFriendship": 35,
  "evYield": {
    "hp": 0,
    "attack": 0,
    "defence": 3,
    "special_attack": 0,
    "special_defence": 0,
    "speed": 0
  },
  "height": 16,
  "weight": 5500,
  "aspects": [],
  "cannotDynamax": false
}