{
  "name": "Ralts",
  "nationalPokedexNumber": 280,
  "primaryType": "psychic",
  "secondaryType": "fairy",
  "abilities": [
    "synchronize",
    "trace",
    "h:telepathy"
  ],
  "baseStats": {
    "hp": 28,
    "attack": 25,
    "defence": 25,
    "special_attack": 45,
    "special_defence": 35,
    "speed": 40
  },
  "catchRate": 235,
  "maleRatio": 0.5,
  "shoulderMountable": true,
  "baseExperienceYield": 40,
  "experienceGroup": "slow",
  "eggCycles": 20,
  "eggGroups": [
    "human_like",
    "amorphous"
  ],
  "behaviour": {
    "resting": {
      "canSleep": true,
      "willSleepOnBed": true,
      "depth": "normal",
      "light": "0-4"
    }
  },
  "moves": [
    "1:disarmingvoice",
    "1:growl",
    "3:doubleteam",
    "6:confusion",
    "9:hypnosis",
    "12:drainingkiss",
    "14:luckychant",
    "15:teleport",
    "18:psybeam",
    "21:lifedew",
    "24:charm",
    "27:calmmind",
    "30:psychic",
    "33:healpulse",
    "36:dreameater",
    "39:futuresight",
    "egg:confuseray",
    "egg:destinybond",
    "egg:disable",
    "egg:grudge",
    "egg:knockoff",
    "egg:meanlook",
    "egg:memento",
    "egg:mysticalfire",
    "egg:shadowsneak",
    "egg:synchronoise",
    "tm:allyswitch",
    "tm:attract",
    "tm:bodyslam",
    "tm:calmmind",
    "tm:captivate",
    "tm:chargebeam",
    "tm:charm",
    "tm:confide",
    "tm:confuseray",
    "tm:dazzlinggleam",
    "tm:disarmingvoice",
    "tm:drainingkiss",
    "tm:echoedvoice",
    "tm:encore",
    "tm:endure",
    "tm:facade",
    "tm:firepunch",
    "tm:flash",
    "tm:fling",
    "tm:frustration",
    "tm:grassknot",
    "tm:helpinghand",
    "tm:hiddenpower",
    "tm:hypervoice",
    "tm:icepunch",
    "tm:icywind",
    "tm:imprison",
    "tm:lightscreen",
    "tm:magicalleaf",
    "tm:magicroom",
    "tm:megakick",
    "tm:megapunch",
    "tm:metronome",
    "tm:mistyterrain",
    "tm:naturalgift",
    "tm:protect",
    "tm:psybeam",
    "tm:psychic",
    "tm:psychicterrain",
    "tm:psychup",
    "tm:psyshock",
    "tm:raindance",
    "tm:reflect",
    "tm:rest",
    "tm:return",
    "tm:round",
    "tm:safeguard",
    "tm:secretpower",
    "tm:shadowball",
    "tm:skillswap",
    "tm:sleeptalk",
    "tm:snore",
    "tm:storedpower",
    "tm:substitute",
    "tm:sunnyday",
    "tm:swagger",
    "tm:swift",
    "tm:taunt",
    "tm:terablast",
    "tm:thief",
    "tm:thunderbolt",
    "tm:thunderpunch",
    "tm:thunderwave",
    "tm:torment",
    "tm:toxic",
    "tm:trick",
    "tm:trickroom",
    "tm:willowisp",
    "tm:wonderroom",
    "tm:zenheadbutt",
    "tutor:defensecurl",
    "tutor:doubleedge",
    "tutor:expandingforce",
    "tutor:headbutt",
    "tutor:magiccoat",
    "tutor:mimic",
    "tutor:mudslap",
    "tutor:nightmare",
    "tutor:painsplit",
    "tutor:recycle",
    "tutor:shockwave",
    "tutor:signalbeam",
    "tutor:sing",
    "tutor:snatch",
    "tutor:telekinesis",
    "tutor:wish"
  ],
  "labels": [
    "gen3"
  ],
  "pokedex": [
    "cobblemon.species.ralts.desc"
  ],
  "evolutions": [
    {
      "id": "ralts_kirlia",
      "variant": "level_up",
      "result": "kirlia",
      "consumeHeldItem": false,
      "learnableMoves": [],
      "requirements": [
        {
          "variant": "level",
          "minLevel": 20
        }
      ]
    }
  ],
  "baseScale": 1,
  "hitbox": {
    "width": 0.65,
    "height": 0.85,
    "fixed": false
  },
  "baseFriendship": 35,
  "evYield": {
    "hp": 0,
    "attack": 0,
    "defence": 0,
    "special_attack": 1,
    "special_defence": 0,
    "speed": 0
  },
  "height": 4,
  "weight": 66,
  "aspects": [],
  "cannotDynamax": false
}