{
	"format_version": "1.12.0",
	"minecraft:geometry": [
		{
			"description": {
				"identifier": "geometry.ralts",
				"texture_width": 64,
				"texture_height": 64,
				"visible_bounds_width": 2,
				"visible_bounds_height": 2.5,
				"visible_bounds_offset": [0, 0.75, 0]
			},
			"bones": [
				{
					"name": "all",
					"pivot": [0, 0, 0]
				},
				{
					"name": "body",
					"parent": "all",
					"pivot": [0, 4.5, 0],
					"cubes": [
						{"origin": [-1, 0, -1], "size": [2, 5, 2], "uv": [24, 11]}
					]
				},
				{
					"name": "arm_left",
					"parent": "body",
					"pivot": [1, 4.5, 0],
					"cubes": [
						{"origin": [1, 4, -0.5], "size": [3, 1, 1], "uv": [15, 11]}
					]
				},
				{
					"name": "arm_right",
					"parent": "body",
					"pivot": [-1, 4.5, 0],
					"cubes": [
						{"origin": [-4, 4, -0.5], "size": [3, 1, 1], "uv": [15, 13]}
					]
				},
				{
					"name": "head",
					"parent": "body",
					"pivot": [0, 5, 0],
					"cubes": [
						{"origin": [-3.5, 7, -3.5], "size": [7, 4, 7], "uv": [0, 0]},
						{"origin": [-2.5, 5, -2.5], "size": [5, 5, 5], "uv": [31, 0]},
						{"origin": [-0.5, 9, 1.5], "size": [1, 3, 3], "uv": [25, 19]},
						{"origin": [-0.5, 9, -4.5], "size": [1, 4, 4], "uv": [8, 22]}
					]
				},
				{
					"name": "leg_left",
					"parent": "all",
					"pivot": [1, 2, 0],
					"cubes": [
						{"origin": [0.5, 0, -2], "size": [2, 3, 4], "uv": [0, 19]},
						{"origin": [2.5, 0, -2], "size": [1, 1, 4], "uv": [18, 22]},
						{"origin": [3.5, 0, 2], "size": [0, 1, 1], "uv": [0, 1]}
					]
				},
				{
					"name": "leg_right",
					"parent": "all",
					"pivot": [-1, 2, 0],
					"cubes": [
						{"origin": [-3.5, 0, -2], "size": [1, 1, 4], "uv": [21, 0]},
						{"origin": [-3.5, 0, 2], "size": [0, 1, 1], "uv": [0, 0]},
						{"origin": [-2.5, 0, -2], "size": [2, 3, 4], "uv": [16, 15]}
					]
				}
			]
		}
	]
}