{
	"format_version": "1.8.0",
	"animations": {
		"animation.metagross.ground_idle": {
			"loop": true,
			"animation_length": 1.28,
			"bones": {
				"body": {
					"rotation": {
						"0.0": {
							"post": [7.5, 0, 0],
							"lerp_mode": "catmullrom"
						},
						"0.12": {
							"post": [7.5, 0, 0],
							"lerp_mode": "catmullrom"
						},
						"0.72": {
							"post": [10.5, 0, 0],
							"lerp_mode": "catmullrom"
						},
						"1.28": {
							"post": [7.5, 0, 0],
							"lerp_mode": "catmullrom"
						}
					},
					"position": {
						"0.0": {
							"post": [0, 0, 0],
							"lerp_mode": "catmullrom"
						},
						"0.12": {
							"post": [0, 0, 0],
							"lerp_mode": "catmullrom"
						},
						"0.72": {
							"post": [0, -0.5, 0.1],
							"lerp_mode": "catmullrom"
						},
						"1.28": {
							"post": [0, 0, 0],
							"lerp_mode": "catmullrom"
						}
					}
				},
				"foot_front_left": {
					"rotation": {
						"0.0": {
							"post": [0, 0, -12.5],
							"lerp_mode": "catmullrom"
						},
						"0.6": {
							"post": [0, 0, -7.5],
							"lerp_mode": "catmullrom"
						},
						"1.28": {
							"post": [0, 0, -12.5],
							"lerp_mode": "catmullrom"
						}
					},
					"position": {
						"0.0": {
							"post": [0, 0, 0],
							"lerp_mode": "catmullrom"
						},
						"0.6": {
							"post": [0, 0.4, 0],
							"lerp_mode": "catmullrom"
						},
						"1.28": {
							"post": [0, 0, 0],
							"lerp_mode": "catmullrom"
						}
					}
				},
				"leg_front_left": {
					"rotation": {
						"0.0": {
							"post": [0, 30, 0],
							"lerp_mode": "catmullrom"
						},
						"0.6": {
							"post": [-2.88066, 29.8742, -5.76863],
							"lerp_mode": "catmullrom"
						},
						"1.28": {
							"post": [0, 30, 0],
							"lerp_mode": "catmullrom"
						}
					}
				},
				"foot_back_left": {
					"rotation": {
						"0.0": {
							"post": [0, 0, -12.5],
							"lerp_mode": "catmullrom"
						},
						"0.6": {
							"post": [0, 0, -7.5],
							"lerp_mode": "catmullrom"
						},
						"1.28": {
							"post": [0, 0, -12.5],
							"lerp_mode": "catmullrom"
						}
					},
					"position": {
						"0.0": {
							"post": [0, 0, 0],
							"lerp_mode": "catmullrom"
						},
						"0.6": {
							"post": [0, 0.4, 0],
							"lerp_mode": "catmullrom"
						},
						"1.28": {
							"post": [0, 0, 0],
							"lerp_mode": "catmullrom"
						}
					}
				},
				"leg_back_left": {
					"rotation": {
						"0.0": {
							"post": [0, -30, 0],
							"lerp_mode": "catmullrom"
						},
						"0.6": {
							"post": [2.88066, -29.8742, -5.76863],
							"lerp_mode": "catmullrom"
						},
						"1.28": {
							"post": [0, -30, 0],
							"lerp_mode": "catmullrom"
						}
					}
				},
				"leg_back_right": {
					"rotation": {
						"0.0": {
							"post": [0, 30, 0],
							"lerp_mode": "catmullrom"
						},
						"0.6": {
							"post": [2.88066, 29.8742, 5.76863],
							"lerp_mode": "catmullrom"
						},
						"1.28": {
							"post": [0, 30, 0],
							"lerp_mode": "catmullrom"
						}
					}
				},
				"foot_back_right": {
					"rotation": {
						"0.0": {
							"post": [0, 0, 12.5],
							"lerp_mode": "catmullrom"
						},
						"0.6": {
							"post": [0, 0, 7.5],
							"lerp_mode": "catmullrom"
						},
						"1.28": {
							"post": [0, 0, 12.5],
							"lerp_mode": "catmullrom"
						}
					},
					"position": {
						"0.0": {
							"post": [0, 0, 0],
							"lerp_mode": "catmullrom"
						},
						"0.6": {
							"post": [0, 0.4, 0],
							"lerp_mode": "catmullrom"
						},
						"1.28": {
							"post": [0, 0, 0],
							"lerp_mode": "catmullrom"
						}
					}
				},
				"leg_front_right": {
					"rotation": {
						"0.0": {
							"post": [0, -30, 0],
							"lerp_mode": "catmullrom"
						},
						"0.6": {
							"post": [-2.88066, -29.8742, 5.76863],
							"lerp_mode": "catmullrom"
						},
						"1.28": {
							"post": [0, -30, 0],
							"lerp_mode": "catmullrom"
						}
					}
				},
				"foot_front_right": {
					"rotation": {
						"0.0": {
							"post": [0, 0, 12.5],
							"lerp_mode": "catmullrom"
						},
						"0.6": {
							"post": [0, 0, 7.5],
							"lerp_mode": "catmullrom"
						},
						"1.28": {
							"post": [0, 0, 12.5],
							"lerp_mode": "catmullrom"
						}
					},
					"position": {
						"0.0": {
							"post": [0, 0, 0],
							"lerp_mode": "catmullrom"
						},
						"0.6": {
							"post": [0, 0.4, 0],
							"lerp_mode": "catmullrom"
						},
						"1.28": {
							"post": [0, 0, 0],
							"lerp_mode": "catmullrom"
						}
					}
				},
				"all": {
					"position": {
						"0.0": {
							"post": [0, -2, 0],
							"lerp_mode": "catmullrom"
						},
						"0.6": {
							"post": [0, -3, 0],
							"lerp_mode": "catmullrom"
						},
						"1.28": {
							"post": [0, -2, 0],
							"lerp_mode": "catmullrom"
						}
					}
				}
			}
		},
		"animation.metagross.ground_walk": {
			"loop": true,
			"animation_length": 1.44,
			"bones": {
				"body": {
					"rotation": {
						"0.0": {
							"post": [7.5, 0, 0],
							"lerp_mode": "catmullrom"
						},
						"0.32": {
							"post": [7.5, 0, 0],
							"lerp_mode": "catmullrom"
						},
						"0.44": {
							"post": [10, 0, 0],
							"lerp_mode": "catmullrom"
						},
						"0.72": {
							"post": [7.5, 0, 0],
							"lerp_mode": "catmullrom"
						},
						"1.04": {
							"post": [7.5, 0, 0],
							"lerp_mode": "catmullrom"
						},
						"1.16": {
							"post": [10, 0, 0],
							"lerp_mode": "catmullrom"
						},
						"1.44": {
							"post": [7.5, 0, 0],
							"lerp_mode": "catmullrom"
						}
					},
					"position": {
						"0.0": {
							"post": [0, 0, 0],
							"lerp_mode": "catmullrom"
						},
						"0.32": {
							"post": [0, 0, 0],
							"lerp_mode": "catmullrom"
						},
						"0.44": {
							"post": [0, -1.05, 0.75],
							"lerp_mode": "catmullrom"
						},
						"0.72": {
							"post": [0, 0, 0],
							"lerp_mode": "catmullrom"
						},
						"1.04": {
							"post": [0, 0, 0],
							"lerp_mode": "catmullrom"
						},
						"1.16": {
							"post": [0, -1.05, 0.75],
							"lerp_mode": "catmullrom"
						},
						"1.44": {
							"post": [0, 0, 0],
							"lerp_mode": "catmullrom"
						}
					}
				},
				"foot_front_left": {
					"rotation": {
						"0.0": {
							"post": [-5.23619, -14.0761, 8.1469],
							"lerp_mode": "catmullrom"
						},
						"0.36": {
							"post": [-2.12155, 12.893, -2.95884],
							"lerp_mode": "catmullrom"
						},
						"0.44": {
							"post": [-2.12155, 12.893, -2.95884],
							"lerp_mode": "catmullrom"
						},
						"0.72": {
							"post": [0, 0, -12.5],
							"lerp_mode": "catmullrom"
						},
						"1.08": {
							"post": [0, 0, -12.5],
							"lerp_mode": "catmullrom"
						},
						"1.44": {
							"post": [-5.23619, -14.0761, 8.1469],
							"lerp_mode": "catmullrom"
						}
					},
					"position": {
						"0.0": {
							"post": [0, 1, 0],
							"lerp_mode": "catmullrom"
						},
						"0.32": {
							"post": [0, 0, 0],
							"lerp_mode": "catmullrom"
						},
						"0.4": {
							"post": [0, -1.5, 0],
							"lerp_mode": "catmullrom"
						},
						"0.48": {
							"post": [0, 0, 0],
							"lerp_mode": "catmullrom"
						},
						"1.08": {
							"post": [0, 0, 0],
							"lerp_mode": "catmullrom"
						},
						"1.44": {
							"post": [0, 1, 0],
							"lerp_mode": "catmullrom"
						}
					}
				},
				"leg_front_left": {
					"rotation": {
						"0.0": {
							"post": [-19.60537, 31.27264, -41.70831],
							"lerp_mode": "catmullrom"
						},
						"0.36": {
							"post": [0.84509, 41.91641, -3.10061],
							"lerp_mode": "catmullrom"
						},
						"0.72": {
							"post": [0, 30, 0],
							"lerp_mode": "catmullrom"
						},
						"1.08": {
							"post": [0, -12.5, 0],
							"lerp_mode": "catmullrom"
						},
						"1.44": {
							"post": [-19.60537, 31.27264, -41.70831],
							"lerp_mode": "catmullrom"
						}
					}
				},
				"foot_back_left": {
					"rotation": {
						"0.0": {
							"post": [0, 0, -12.5],
							"lerp_mode": "catmullrom"
						},
						"0.36": {
							"post": [0, 0, -10],
							"lerp_mode": "catmullrom"
						},
						"0.72": {
							"post": [-6.4219, 13.00862, 13.51459],
							"lerp_mode": "catmullrom"
						},
						"1.08": {
							"post": [-1.09838, 11.58991, 3.37925],
							"lerp_mode": "catmullrom"
						},
						"1.16": {
							"post": [-1.09838, 11.58991, 3.37925],
							"lerp_mode": "catmullrom"
						},
						"1.44": {
							"post": [0, 0, -12.5],
							"lerp_mode": "catmullrom"
						}
					},
					"position": {
						"0.0": {
							"post": [0, 0, 0],
							"lerp_mode": "catmullrom"
						},
						"0.36": {
							"post": [0, 0, 0],
							"lerp_mode": "catmullrom"
						},
						"0.72": {
							"post": [0, 1, 0],
							"lerp_mode": "catmullrom"
						},
						"1.04": {
							"post": [0, 0, 0],
							"lerp_mode": "catmullrom"
						},
						"1.12": {
							"post": [0, -1.5, 0],
							"lerp_mode": "catmullrom"
						},
						"1.2": {
							"post": [0, 0, 0],
							"lerp_mode": "catmullrom"
						},
						"1.44": {
							"post": [0, 0, 0],
							"lerp_mode": "catmullrom"
						}
					}
				},
				"leg_back_left": {
					"rotation": {
						"0.0": {
							"post": [0, -30, 0],
							"lerp_mode": "catmullrom"
						},
						"0.36": {
							"post": [0, -57.5, 0],
							"lerp_mode": "catmullrom"
						},
						"0.72": {
							"post": [21.19748, -25.23098, -42.29628],
							"lerp_mode": "catmullrom"
						},
						"1.08": {
							"post": [4.21092, -17.23345, -7.58546],
							"lerp_mode": "catmullrom"
						},
						"1.44": {
							"post": [0, -30, 0],
							"lerp_mode": "catmullrom"
						}
					}
				},
				"leg_back_right": {
					"rotation": {
						"0.0": {
							"post": [21.19748, 25.23098, 42.29628],
							"lerp_mode": "catmullrom"
						},
						"0.36": {
							"post": [4.21092, 17.23345, 7.58546],
							"lerp_mode": "catmullrom"
						},
						"0.72": {
							"post": [0, 35, 0],
							"lerp_mode": "catmullrom"
						},
						"1.08": {
							"post": [0, 57.5, 0],
							"lerp_mode": "catmullrom"
						},
						"1.44": {
							"post": [21.19748, 25.23098, 42.29628],
							"lerp_mode": "catmullrom"
						}
					}
				},
				"foot_back_right": {
					"rotation": {
						"0.0": {
							"post": [-6.4219, -13.00862, -13.51459],
							"lerp_mode": "catmullrom"
						},
						"0.36": {
							"post": [-1.09838, -11.58991, -3.37925],
							"lerp_mode": "catmullrom"
						},
						"0.44": {
							"post": [-1.09838, -11.58991, -3.37925],
							"lerp_mode": "catmullrom"
						},
						"0.72": {
							"post": [0, 0, 12.5],
							"lerp_mode": "catmullrom"
						},
						"1.08": {
							"post": [0, 0, 10],
							"lerp_mode": "catmullrom"
						},
						"1.44": {
							"post": [-6.4219, -13.00862, -13.51459],
							"lerp_mode": "catmullrom"
						}
					},
					"position": {
						"0.0": {
							"post": [0, 1, 0],
							"lerp_mode": "catmullrom"
						},
						"0.32": {
							"post": [0, 0, 0],
							"lerp_mode": "catmullrom"
						},
						"0.4": {
							"post": [0, -1.5, 0],
							"lerp_mode": "catmullrom"
						},
						"0.48": {
							"post": [0, 0, 0],
							"lerp_mode": "catmullrom"
						},
						"0.72": {
							"post": [0, 0, 0],
							"lerp_mode": "catmullrom"
						},
						"1.08": {
							"post": [0, 0, 0],
							"lerp_mode": "catmullrom"
						},
						"1.44": {
							"post": [0, 1, 0],
							"lerp_mode": "catmullrom"
						}
					}
				},
				"leg_front_right": {
					"rotation": {
						"0.0": {
							"post": [3.17089, -13.27704, 2.48604],
							"lerp_mode": "catmullrom"
						},
						"0.36": {
							"post": [0, 12.5, 0],
							"lerp_mode": "catmullrom"
						},
						"0.72": {
							"post": [-19.60537, -31.27264, 41.70831],
							"lerp_mode": "catmullrom"
						},
						"1.08": {
							"post": [0.84509, -41.91641, 3.10061],
							"lerp_mode": "catmullrom"
						},
						"1.44": {
							"post": [3.17089, -13.27704, 2.48604],
							"lerp_mode": "catmullrom"
						}
					}
				},
				"foot_front_right": {
					"rotation": {
						"0.0": {
							"post": [0, 0, 12.5],
							"lerp_mode": "catmullrom"
						},
						"0.36": {
							"post": [0, 0, 12.5],
							"lerp_mode": "catmullrom"
						},
						"0.72": {
							"post": [-5.23619, 14.0761, -8.1469],
							"lerp_mode": "catmullrom"
						},
						"1.08": {
							"post": [-2.12155, -12.893, 2.95884],
							"lerp_mode": "catmullrom"
						},
						"1.16": {
							"post": [-2.12155, -12.893, 2.95884],
							"lerp_mode": "catmullrom"
						},
						"1.44": {
							"post": [0, 0, 12.5],
							"lerp_mode": "catmullrom"
						}
					},
					"position": {
						"0.0": {
							"post": [0, 0, 0],
							"lerp_mode": "catmullrom"
						},
						"0.36": {
							"post": [0, 0, 0],
							"lerp_mode": "catmullrom"
						},
						"0.72": {
							"post": [0, 1, 0],
							"lerp_mode": "catmullrom"
						},
						"1.04": {
							"post": [0, 0, 0],
							"lerp_mode": "catmullrom"
						},
						"1.12": {
							"post": [0, -1.5, 0],
							"lerp_mode": "catmullrom"
						},
						"1.2": {
							"post": [0, 0, 0],
							"lerp_mode": "catmullrom"
						},
						"1.44": {
							"post": [0, 0, 0],
							"lerp_mode": "catmullrom"
						}
					}
				},
				"all": {
					"position": {
						"0.0": {
							"post": [0, -2, 0],
							"lerp_mode": "catmullrom"
						},
						"0.72": {
							"post": [0, -2, 0],
							"lerp_mode": "catmullrom"
						},
						"1.44": {
							"post": [0, -2, 0],
							"lerp_mode": "catmullrom"
						}
					}
				}
			}
		},
		"animation.metagross.faint": {
			"loop": true,
			"animation_length": 2.885,
			"bones": {
				"body": {
					"rotation": {
						"0.0": {
							"post": [7.5, 0, 0],
							"lerp_mode": "catmullrom"
						},
						"0.28": {
							"post": [22.5, 0, 0],
							"lerp_mode": "catmullrom"
						},
						"0.36": {
							"post": [22.5, 0, 0],
							"lerp_mode": "catmullrom"
						},
						"0.64": {
							"post": [-7.5, 0, 0],
							"lerp_mode": "catmullrom"
						}
					},
					"position": {
						"0.0": {
							"post": [0, 0, 0],
							"lerp_mode": "catmullrom"
						},
						"0.28": {
							"post": [0, -1.3, 0],
							"lerp_mode": "catmullrom"
						},
						"0.36": {
							"post": [0, -1.3, 0],
							"lerp_mode": "catmullrom"
						},
						"0.64": {
							"post": [0, 0.7, 0],
							"lerp_mode": "catmullrom"
						}
					}
				},
				"jaw": {
					"rotation": {
						"0.36": {
							"pre": [0, 0, 0],
							"post": [0, 0, 0],
							"lerp_mode": "catmullrom"
						},
						"0.64": {
							"post": [2.5, 0, 0],
							"lerp_mode": "catmullrom"
						},
						"0.72": {
							"post": [5, 0, 0],
							"lerp_mode": "catmullrom"
						},
						"1.12": {
							"post": [5, 0, 0],
							"lerp_mode": "catmullrom"
						}
					},
					"position": {
						"0.36": {
							"pre": [0, 0, 0],
							"post": [0, 0, 0],
							"lerp_mode": "catmullrom"
						},
						"0.64": {
							"post": [0, -1, 0],
							"lerp_mode": "catmullrom"
						},
						"1.12": {
							"post": [0, -1, 0],
							"lerp_mode": "catmullrom"
						},
						"1.2": {
							"post": [0, 1, 0],
							"lerp_mode": "catmullrom"
						},
						"1.28": {
							"post": [0, 0, 0],
							"lerp_mode": "catmullrom"
						}
					}
				},
				"eye_left": {
					"rotation": {
						"0.0": [0, 0, 0],
						"0.2": [0, 0, 0],
						"0.28": [0, 0, 0],
						"0.36": [0, 0, 0],
						"0.44": [0, 0, 0],
						"0.56": [0, 0, 0],
						"0.76": [0, 0, 0],
						"0.84": [0, 0, 0]
					},
					"position": {
						"0.0": [0, 0, 0],
						"0.2": [0, 0, 1],
						"0.28": [0, 0, 0],
						"0.36": [0, 0, 1],
						"0.44": [0, 0, 0],
						"0.56": [0, 0, 1],
						"0.76": [0, 0, 0],
						"0.84": [0, 0, 1]
					}
				},
				"eye_right": {
					"rotation": {
						"0.0": [0, 0, 0],
						"0.2": [0, 0, 0],
						"0.28": [0, 0, 0],
						"0.36": [0, 0, 0],
						"0.44": [0, 0, 0],
						"0.56": [0, 0, 0],
						"0.76": [0, 0, 0],
						"0.84": [0, 0, 0]
					},
					"position": {
						"0.0": [0, 0, 0],
						"0.2": [0, 0, 1],
						"0.28": [0, 0, 0],
						"0.36": [0, 0, 1],
						"0.44": [0, 0, 0],
						"0.56": [0, 0, 1],
						"0.76": [0, 0, 0],
						"0.84": [0, 0, 1]
					}
				},
				"foot_front_left": {
					"rotation": {
						"0.0": {
							"post": [0, 0, -12.5],
							"lerp_mode": "catmullrom"
						},
						"0.28": {
							"post": [0, 0, -10],
							"lerp_mode": "catmullrom"
						},
						"0.36": {
							"post": [0, 0, -10],
							"lerp_mode": "catmullrom"
						},
						"0.44": {
							"post": [0, 0, -10],
							"lerp_mode": "catmullrom"
						},
						"0.76": {
							"post": [-15, 0, -57.5],
							"lerp_mode": "catmullrom"
						},
						"1.12": {
							"post": [-13.9042, 5.68422, -35.69367],
							"lerp_mode": "catmullrom"
						},
						"1.2": {
							"post": [-14.87739, 1.93597, -50.25279],
							"lerp_mode": "catmullrom"
						},
						"1.28": {
							"post": [-13.36965, 6.86379, -30.80542],
							"lerp_mode": "catmullrom"
						},
						"1.44": {
							"post": [-14.87739, 1.93597, -50.25279],
							"lerp_mode": "catmullrom"
						}
					},
					"position": {
						"0.0": {
							"post": [0, 0, 0],
							"lerp_mode": "catmullrom"
						},
						"0.44": {
							"post": [0, 0, 0],
							"lerp_mode": "catmullrom"
						}
					}
				},
				"leg_front_left": {
					"rotation": {
						"0.0": {
							"post": [0, 30, 0],
							"lerp_mode": "catmullrom"
						},
						"0.28": {
							"post": [-5.72511, 29.4987, -11.50839],
							"lerp_mode": "catmullrom"
						},
						"0.36": {
							"post": [-5.72511, 29.4987, -11.50839],
							"lerp_mode": "catmullrom"
						},
						"0.44": {
							"post": [-5.73, 29.5, -11.51],
							"lerp_mode": "catmullrom"
						},
						"0.76": {
							"post": [-6.98699, 44.40965, -13.58304],
							"lerp_mode": "catmullrom"
						},
						"1.12": {
							"post": [-17.28504, 9.19908, -24.4657],
							"lerp_mode": "catmullrom"
						},
						"1.6": {
							"post": [-13.80815, 13.92577, -7.25898],
							"lerp_mode": "catmullrom"
						}
					},
					"position": {
						"0.0": {
							"post": [0, 0, 0],
							"lerp_mode": "catmullrom"
						},
						"0.28": {
							"post": [0, -2, 0],
							"lerp_mode": "catmullrom"
						},
						"0.36": {
							"post": [0, -2, 0],
							"lerp_mode": "catmullrom"
						},
						"0.44": {
							"post": [0, -2, 0],
							"lerp_mode": "catmullrom"
						}
					}
				},
				"foot_back_left": {
					"rotation": {
						"0.0": {
							"post": [0, 0, -12.5],
							"lerp_mode": "catmullrom"
						},
						"0.36": {
							"post": [0, 0, -12.5],
							"lerp_mode": "catmullrom"
						},
						"0.56": {
							"post": [7.38733, 1.29876, -22.41615],
							"lerp_mode": "catmullrom"
						},
						"0.76": {
							"post": [2.57816, 7.04533, -82.34126],
							"lerp_mode": "catmullrom"
						},
						"0.96": {
							"post": [-39.92184, 7.04533, -82.34126],
							"lerp_mode": "catmullrom"
						},
						"1.12": {
							"post": [-2.42184, 7.04533, -82.34126],
							"lerp_mode": "catmullrom"
						},
						"1.2": {
							"post": [-12.42184, 7.04533, -82.34126],
							"lerp_mode": "catmullrom"
						},
						"1.28": {
							"post": [-2.42184, 7.04533, -82.34126],
							"lerp_mode": "catmullrom"
						},
						"1.48": {
							"post": [-12.42184, 7.04533, -82.34126],
							"lerp_mode": "catmullrom"
						},
						"2.88": {
							"post": [-12.42184, 7.04533, -82.34126],
							"lerp_mode": "catmullrom"
						}
					},
					"position": {
						"0.0": {
							"post": [0, 0, 0],
							"lerp_mode": "catmullrom"
						}
					}
				},
				"leg_back_left": {
					"rotation": {
						"0.0": {
							"post": [0, -30, 0],
							"lerp_mode": "catmullrom"
						},
						"0.36": {
							"post": [0, -30, 0],
							"lerp_mode": "catmullrom"
						},
						"0.56": {
							"post": [-13.71217, -26.94622, 28.30005],
							"lerp_mode": "catmullrom"
						},
						"0.76": {
							"post": [61.28783, -26.94622, 28.30005],
							"lerp_mode": "catmullrom"
						},
						"1.12": {
							"post": [72.43805, -34.91052, 6.84371],
							"lerp_mode": "catmullrom"
						}
					}
				},
				"leg_back_right": {
					"rotation": {
						"0.0": {
							"post": [0, 30, 0],
							"lerp_mode": "catmullrom"
						},
						"0.36": {
							"post": [0, 30, 0],
							"lerp_mode": "catmullrom"
						},
						"0.56": {
							"post": [-13.71217, 26.94622, -28.30005],
							"lerp_mode": "catmullrom"
						},
						"0.76": {
							"post": [61.28783, 26.94622, -28.30005],
							"lerp_mode": "catmullrom"
						},
						"0.96": {
							"post": [60.24812, -14.88614, -28.44642],
							"lerp_mode": "catmullrom"
						},
						"1.12": {
							"post": [52.00484, 7.21346, -58.76859],
							"lerp_mode": "catmullrom"
						}
					}
				},
				"foot_back_right": {
					"rotation": {
						"0.0": {
							"post": [0, 0, 12.5],
							"lerp_mode": "catmullrom"
						},
						"0.36": {
							"post": [0, 0, 12.5],
							"lerp_mode": "catmullrom"
						},
						"0.56": {
							"post": [7.38733, -1.29876, 22.41615],
							"lerp_mode": "catmullrom"
						},
						"0.76": {
							"post": [2.57816, -7.04533, 82.34126],
							"lerp_mode": "catmullrom"
						},
						"0.96": {
							"post": [10.44137, -7.82199, 65.29857],
							"lerp_mode": "catmullrom"
						},
						"1.12": {
							"post": [82.20058, 3.43679, 14.44885],
							"lerp_mode": "catmullrom"
						},
						"1.2": {
							"post": [84.70941, 0.94745, 14.67971],
							"lerp_mode": "catmullrom"
						},
						"1.28": {
							"post": [82.20058, 3.43679, 14.44885],
							"lerp_mode": "catmullrom"
						},
						"1.48": {
							"post": [84.70941, 0.94745, 14.67971],
							"lerp_mode": "catmullrom"
						}
					},
					"position": {
						"0.0": {
							"post": [0, 0, 0],
							"lerp_mode": "catmullrom"
						}
					}
				},
				"leg_front_right": {
					"rotation": {
						"0.0": {
							"post": [0, -30, 0],
							"lerp_mode": "catmullrom"
						},
						"0.28": {
							"post": [-5.72511, -29.4987, 11.50839],
							"lerp_mode": "catmullrom"
						},
						"0.36": {
							"post": [-5.72511, -29.4987, 11.50839],
							"lerp_mode": "catmullrom"
						},
						"0.44": {
							"post": [-5.73, -29.5, 11.51],
							"lerp_mode": "catmullrom"
						},
						"0.76": {
							"post": [-7.13413, -11.00831, 19.89932],
							"lerp_mode": "catmullrom"
						},
						"1.12": {
							"post": [-13.80815, -13.92577, 7.25898],
							"lerp_mode": "catmullrom"
						},
						"1.6": {
							"post": [-13.80815, -13.92577, 7.25898],
							"lerp_mode": "catmullrom"
						}
					},
					"position": {
						"0.0": {
							"post": [0, 0, 0],
							"lerp_mode": "catmullrom"
						},
						"0.28": {
							"post": [0, -2, 0],
							"lerp_mode": "catmullrom"
						},
						"0.36": {
							"post": [0, -2, 0],
							"lerp_mode": "catmullrom"
						},
						"0.44": {
							"post": [0, -2, 0],
							"lerp_mode": "catmullrom"
						}
					}
				},
				"foot_front_right": {
					"rotation": {
						"0.0": {
							"post": [0, 0, 12.5],
							"lerp_mode": "catmullrom"
						},
						"0.28": {
							"post": [0, 0, 10],
							"lerp_mode": "catmullrom"
						},
						"0.36": {
							"post": [0, 0, 10],
							"lerp_mode": "catmullrom"
						},
						"0.44": {
							"post": [0, 0, 10],
							"lerp_mode": "catmullrom"
						},
						"0.76": {
							"post": [-13.06431, 7.43547, 86.64743],
							"lerp_mode": "catmullrom"
						},
						"1.12": {
							"post": [-9.26433, -11.84911, 5.96347],
							"lerp_mode": "catmullrom"
						},
						"1.2": {
							"post": [-13.06431, -7.43547, 28.35257],
							"lerp_mode": "catmullrom"
						},
						"1.28": {
							"post": [-9.26433, -11.84911, 5.96347],
							"lerp_mode": "catmullrom"
						},
						"1.44": {
							"post": [-13.06431, -7.43547, 28.35257],
							"lerp_mode": "catmullrom"
						}
					},
					"position": {
						"0.0": {
							"post": [0, 0, 0],
							"lerp_mode": "catmullrom"
						},
						"0.44": {
							"post": [0, 0, 0],
							"lerp_mode": "catmullrom"
						}
					}
				},
				"all": {
					"rotation": {
						"0.0": {
							"post": [0, 0, 0],
							"lerp_mode": "catmullrom"
						},
						"0.36": {
							"post": [0, 0, 0],
							"lerp_mode": "catmullrom"
						},
						"0.44": {
							"post": [0, 0, 0],
							"lerp_mode": "catmullrom"
						},
						"0.72": {
							"post": [-45, 0, 0],
							"lerp_mode": "catmullrom"
						},
						"1.0": {
							"post": [-155, 0, 0],
							"lerp_mode": "catmullrom"
						},
						"1.16": {
							"post": [-177.5, 0, 0],
							"lerp_mode": "catmullrom"
						},
						"1.24": {
							"post": [-172.5, 0, 0],
							"lerp_mode": "catmullrom"
						},
						"1.32": {
							"post": [-177.5, 0, 0],
							"lerp_mode": "catmullrom"
						},
						"1.4": {
							"post": [-172.5, 0, 0],
							"lerp_mode": "catmullrom"
						}
					},
					"position": {
						"0.0": {
							"post": [0, -2, 0],
							"lerp_mode": "catmullrom"
						},
						"0.36": {
							"post": [0, -2, 0],
							"lerp_mode": "catmullrom"
						},
						"0.44": {
							"post": [0, 2.07, 0],
							"lerp_mode": "catmullrom"
						},
						"0.72": {
							"post": [0, 10, 0],
							"lerp_mode": "catmullrom"
						},
						"1.0": {
							"post": [0, 29, 16],
							"lerp_mode": "catmullrom"
						},
						"1.16": {
							"post": [0, 28, 24],
							"lerp_mode": "catmullrom"
						},
						"1.24": {
							"post": [0, 28, 23.25],
							"lerp_mode": "catmullrom"
						},
						"1.32": {
							"post": [0, 28, 24],
							"lerp_mode": "catmullrom"
						},
						"1.4": {
							"post": [0, 28, 23.25],
							"lerp_mode": "catmullrom"
						}
					}
				}
			}
		}
	},
	"geckolib_format_version": 2
}