{
    "type":"create:mixing",
    "ingredients":[
        {"item":"minecraft:sugar"},
        {"item":"create:experience_nugget"},
        {"item":"create:experience_nugget"},
        {"item":"create:experience_nugget"},
        {"item":"create:experience_nugget"},
        {"item":"create:experience_nugget"},
        {"item":"create:experience_nugget"},
        {"fluid":"minecraft:milk","amount":500}
    ],
    "results": [
        {
"item":"cobblemon:exp_candy_m",
"count":1
        }
    ]
}