{
    "type":"create:mixing",
    "ingredients":[
        {"item":"minecraft:sugar"},
        {"item":"create:experience_nugget"},
        {"item":"create:experience_nugget"},
        {"item":"create:experience_nugget"},
        {"item":"create:experience_nugget"},
        {"item":"create:experience_nugget"},
        {"item":"create:experience_nugget"},
        {"item":"create:experience_nugget"},
        {"item":"create:experience_nugget"},
        {"item":"create:experience_nugget"},
        {"item":"create:experience_nugget"},
        {"item":"create:experience_nugget"},
        {"item":"create:experience_nugget"},
        {"item":"create:experience_nugget"},
        {"item":"create:experience_nugget"},
        {"item":"create:experience_nugget"},
        {"item":"create:experience_nugget"},
        {"item":"create:experience_nugget"},
        {"item":"create:experience_nugget"},
        {"item":"create:experience_nugget"},
        {"item":"create:experience_nugget"},
        {"fluid":"create:honey","amount":750}
    ],
    "results": [
        {
"item":"cobblemon:exp_candy_l",
"count":1
        }
    ]
}