{
  "name": "pokenests:goldeen_spawns",
  "fallback": "minecraft:empty",
  "elements": [
    {
      "weight": 4,
      "element": {
        "element_type": "minecraft:single_pool_element",
        "location": "pokenests:goldeen_nest/goldeen16",
        "projection": "rigid",
        "processors": "minecraft:empty"
      }
    },
    {
      "weight": 4,
      "element": {
        "element_type": "minecraft:single_pool_element",
        "location": "pokenests:goldeen_nest/goldeen18",
        "projection": "rigid",
        "processors": "minecraft:empty"
      }
    },
    {
      "weight": 4,
      "element": {
        "element_type": "minecraft:single_pool_element",
        "location": "pokenests:goldeen_nest/goldeen20",
        "projection": "rigid",
        "processors": "minecraft:empty"
      }
    },
    {
      "weight": 4,
      "element": {
        "element_type": "minecraft:single_pool_element",
        "location": "pokenests:goldeen_nest/goldeen21",
        "projection": "rigid",
        "processors": "minecraft:empty"
      }
    },
    {
      "weight": 1,
      "element": {
        "element_type": "minecraft:single_pool_element",
        "location": "pokenests:goldeen_nest/goldeen_shiny",
        "projection": "rigid",
        "processors": "minecraft:empty"
      }
    },
    {
      "weight": 2,
      "element": {
        "element_type": "minecraft:single_pool_element",
        "location": "pokenests:goldeen_nest/seaking29",
        "projection": "rigid",
        "processors": "minecraft:empty"
      }
    }
  ]
}
