{
  "name": "pokenests:jynx_spawns",
  "fallback": "minecraft:empty",
  "elements": [
    {
      "weight": 3,
      "element": {
        "element_type": "minecraft:single_pool_element",
        "location": "pokenests:jynx_nest/jynx36",
        "projection": "rigid",
        "processors": "minecraft:empty"
      }
    },
    {
      "weight": 3,
      "element": {
        "element_type": "minecraft:single_pool_element",
        "location": "pokenests:jynx_nest/jynx37",
        "projection": "rigid",
        "processors": "minecraft:empty"
      }
    },
    {
      "weight": 3,
      "element": {
        "element_type": "minecraft:single_pool_element",
        "location": "pokenests:jynx_nest/jynx41",
        "projection": "rigid",
        "processors": "minecraft:empty"
      }
    },
    {
      "weight": 3,
      "element": {
        "element_type": "minecraft:single_pool_element",
        "location": "pokenests:jynx_nest/jynx44",
        "projection": "rigid",
        "processors": "minecraft:empty"
      }
    },
    {
      "weight": 3,
      "element": {
        "element_type": "minecraft:single_pool_element",
        "location": "pokenests:jynx_nest/jynx45",
        "projection": "rigid",
        "processors": "minecraft:empty"
      }
    },
    {
      "weight": 2,
      "element": {
        "element_type": "minecraft:single_pool_element",
        "location": "pokenests:jynx_nest/smoochum11",
        "projection": "rigid",
        "processors": "minecraft:empty"
      }
    },
    {
      "weight": 1,
      "element": {
        "element_type": "minecraft:single_pool_element",
        "location": "pokenests:jynx_nest/jynx_shiny",
        "projection": "rigid",
        "processors": "minecraft:empty"
      }
    }
  ]
}
