{
  "name": "pokenests:pidgey_spawns",
  "fallback": "minecraft:empty",
  "elements": [
    {
      "weight": 20,
      "element": {
        "element_type": "minecraft:single_pool_element",
        "location": "pokenests:pidgey_nest/pidgey8",
        "projection": "rigid",
        "processors": "minecraft:empty"
      }
    },
    {
      "weight": 20,
      "element": {
        "element_type": "minecraft:single_pool_element",
        "location": "pokenests:pidgey_nest/pidgey10",
        "projection": "rigid",
        "processors": "minecraft:empty"
      }
    },
    {
      "weight": 20,
      "element": {
        "element_type": "minecraft:single_pool_element",
        "location": "pokenests:pidgey_nest/pidgey12",
        "projection": "rigid",
        "processors": "minecraft:empty"
      }
    },
    {
      "weight": 20,
      "element": {
        "element_type": "minecraft:single_pool_element",
        "location": "pokenests:pidgey_nest/pidgey13",
        "projection": "rigid",
        "processors": "minecraft:empty"
      }
    },
    {
      "weight": 10,
      "element": {
        "element_type": "minecraft:single_pool_element",
        "location": "pokenests:pidgey_nest/pidgeotto20",
        "projection": "rigid",
        "processors": "minecraft:empty"
      }
    },
    {
      "weight": 1,
      "element": {
        "element_type": "minecraft:single_pool_element",
        "location": "pokenests:pidgey_nest/pidgey_shiny",
        "projection": "rigid",
        "processors": "minecraft:empty"
      }
    }
  ]
}
