{
  "name": "pokenests:vulpix_spawns",
  "fallback": "minecraft:empty",
  "elements": [
    {
      "weight": 4,
      "element": {
        "element_type": "minecraft:single_pool_element",
        "location": "pokenests:vulpix_nest/vulpix22",
        "projection": "rigid",
        "processors": "minecraft:empty"
      }
    },
    {
      "weight": 4,
      "element": {
        "element_type": "minecraft:single_pool_element",
        "location": "pokenests:vulpix_nest/vulpix24",
        "projection": "rigid",
        "processors": "minecraft:empty"
      }
    },
    {
      "weight": 4,
      "element": {
        "element_type": "minecraft:single_pool_element",
        "location": "pokenests:vulpix_nest/vulpix26",
        "projection": "rigid",
        "processors": "minecraft:empty"
      }
    },
    {
      "weight": 4,
      "element": {
        "element_type": "minecraft:single_pool_element",
        "location": "pokenests:vulpix_nest/vulpix27",
        "projection": "rigid",
        "processors": "minecraft:empty"
      }
    },
    {
      "weight": 1,
      "element": {
        "element_type": "minecraft:single_pool_element",
        "location": "pokenests:vulpix_nest/vulpix_shiny",
        "projection": "rigid",
        "processors": "minecraft:empty"
      }
    },
    {
      "weight": 2,
      "element": {
        "element_type": "minecraft:single_pool_element",
        "location": "pokenests:vulpix_nest/ninetales37",
        "projection": "rigid",
        "processors": "minecraft:empty"
      }
    }
  ]
}
