{
    "enabled": true,
    "neededInstalledMods": [],
    "neededUninstalledMods": [],
    "spawns": [
        {
            "id": "beldum-1",
            "pokemon": "beldum",
            "type": "pokemon",
            "context": "grounded",
            "bucket": "rare",
            "level": "4-19",
            "weight": 5.8,
            "condition": {
                "canSeeSky": true,
                "biomes": [
                    "#cobblemon:is_mountain",
					"#cobblemon:is_snowy"
                ]
            }
        }
    ]
}