{
    "enabled": true,
    "neededInstalledMods": [],
    "neededUninstalledMods": [],
    "spawns": [
        {
            "id": "gardevoir-1",
            "pokemon": "gardevoir",
            "type": "pokemon",
            "context": "grounded",
            "bucket": "uncommon",
            "level": "30-60",
            "weight": 0.072,
            "condition": {
                "canSeeSky": true,
                "biomes": [
                    "#cobblemon:is_floral",
					"#cobblemon:is_magical"
                ]
            }
        }
    ]
}