{
  "species": "cobblemon:metang",
  "order": 0,
  "variations": [
    {
      "aspects": [],
      "poser": "cobblemon:metang",
      "model": "cobblemon:metang.geo",
      "texture": "cobblemon:textures/pokemon/metang/metang.png",
      "layers": [
        {
          "name": "color",
          "texture": "cobblemon:textures/pokemon/metang/metang_emissive.png",
          "emissive": true
        }
      ]
    },
    {
      "aspects": [
        "shiny"
      ],
      "texture": "cobblemon:textures/pokemon/metang/metang_shiny.png",
      "layers": [
        {
          "name": "color",
          "texture": "cobblemon:textures/pokemon/metang/metang_emissive.png",
          "emissive": true
        }
      ]
    }
  ]
}