{
	"format_version": "1.12.0",
	"minecraft:geometry": [
		{
			"description": {
				"identifier": "geometry.gardevoir",
				"texture_width": 128,
				"texture_height": 64,
				"visible_bounds_width": 4,
				"visible_bounds_height": 3.5,
				"visible_bounds_offset": [0, 1.25, 0]
			},
			"bones": [
				{
					"name": "all",
					"pivot": [0, 0, 0]
				},
				{
					"name": "upper_body",
					"parent": "all",
					"pivot": [0, 24, -0.5],
					"cubes": [
						{"origin": [-0.5, 29, -0.5], "size": [1, 1, 1], "uv": [0, 8]},
						{"origin": [-0.5, 25, 1.5], "size": [1, 3, 1], "uv": [27, 31]},
						{"origin": [-2.5, 24, -1.5], "size": [5, 5, 3], "uv": [30, 16]},
						{"origin": [-0.5, 24, -3.5], "size": [1, 4, 2], "uv": [0, 16]},
						{"origin": [-0.5, 25, -4.5], "size": [1, 3, 1], "uv": [0, 34]}
					]
				},
				{
					"name": "head",
					"parent": "upper_body",
					"pivot": [0, 30, 0],
					"cubes": [
						{"origin": [-2.5, 32, -5.5], "size": [5, 5, 2], "uv": [36, 0]},
						{"origin": [-3.5, 30, -3.5], "size": [7, 7, 7], "uv": [0, 31]},
						{"origin": [-6.5, 31, -0.5], "size": [3, 4, 0], "pivot": [-3.5, 33, -0.5], "rotation": [0, 50, 0], "uv": [6, 45]},
						{"origin": [-3.5, 29, -3.5], "size": [0, 1, 7], "uv": [28, 33]},
						{"origin": [3.5, 29, -3.5], "size": [0, 1, 7], "uv": [28, 34]},
						{"origin": [3.5, 31, -0.5], "size": [3, 4, 0], "pivot": [3.5, 33, -0.5], "rotation": [0, -50, 0], "uv": [0, 45]}
					]
				},
				{
					"name": "eye_left",
					"parent": "head",
					"pivot": [1, 33.5, 1],
					"cubes": [
						{"origin": [-0.49, 30, -2.51], "size": [3, 7, 7], "uv": [70, 0]}
					]
				},
				{
					"name": "eye_right",
					"parent": "head",
					"pivot": [-1, 33.5, 2],
					"cubes": [
						{"origin": [-2.51, 30, -2.51], "size": [3, 7, 7], "uv": [50, 0]}
					]
				},
				{
					"name": "arm_left",
					"parent": "upper_body",
					"pivot": [2.5, 28.5, 0],
					"cubes": [
						{"origin": [2.5, 28, -0.5], "size": [5, 1, 1], "uv": [41, 41]}
					]
				},
				{
					"name": "forearm_left",
					"parent": "arm_left",
					"pivot": [7.5, 28.5, 0],
					"cubes": [
						{"origin": [7.5, 27, -0.5], "size": [6, 2, 1], "uv": [38, 27]},
						{"origin": [12.5, 26, 0], "size": [3, 3, 0], "uv": [21, 31]}
					]
				},
				{
					"name": "arm_right",
					"parent": "upper_body",
					"pivot": [-2.5, 28.5, 0],
					"cubes": [
						{"origin": [-7.5, 28, -0.5], "size": [5, 1, 1], "uv": [36, 8]}
					]
				},
				{
					"name": "forearm_right",
					"parent": "arm_right",
					"pivot": [-7.5, 28.5, 0],
					"cubes": [
						{"origin": [-13.5, 27, -0.5], "size": [6, 2, 1], "uv": [38, 24]},
						{"origin": [-15.5, 26, 0], "size": [3, 3, 0], "uv": [0, 31]}
					]
				},
				{
					"name": "lower_body",
					"parent": "all",
					"pivot": [0, 24, -0.5],
					"cubes": [
						{"origin": [-1.5, 18, -1.5], "size": [3, 6, 2], "uv": [0, 0]}
					]
				},
				{
					"name": "dress_top",
					"parent": "lower_body",
					"pivot": [0, 21, -0.5],
					"cubes": [
						{"origin": [-3.5, 15.9, -2.5], "size": [7, 5, 4], "inflate": -0.01, "uv": [106, 25]},
						{"origin": [-3.5, 16, -2.5], "size": [7, 5, 4], "uv": [28, 31]}
					]
				},
				{
					"name": "dress_middle",
					"parent": "dress_top",
					"pivot": [0, 16, -0.5],
					"cubes": [
						{"origin": [-5.5, 8.9, -4.5], "size": [11, 7.01, 8], "inflate": -0.01, "uv": [90, 0]},
						{"origin": [-5.5, 9, -4.5], "size": [11, 7, 8], "uv": [0, 16]}
					]
				},
				{
					"name": "dress_bottom",
					"parent": "dress_middle",
					"pivot": [0, 9, -0.5],
					"cubes": [
						{"origin": [6.5, 3, -4.5], "size": [2, 3, 0], "uv": [43, 16]},
						{"origin": [-6.5, 3, -4.5], "size": [13, 6, 10], "uv": [0, 0]},
						{"origin": [-8.5, 3, -4.5], "size": [2, 3, 0], "uv": [21, 34]},
						{"origin": [-6.5, 2.9, -4.5], "size": [13, 6.01, 10], "inflate": -0.01, "uv": [82, 48]}
					]
				},
				{
					"name": "leg_right",
					"parent": "lower_body",
					"pivot": [-1, 18, -0.5],
					"cubes": [
						{"origin": [-1.5, 9, -1], "size": [1, 9, 1], "uv": [36, 42]}
					]
				},
				{
					"name": "foreleg_right",
					"parent": "leg_right",
					"pivot": [-1, 9, -0.5],
					"cubes": [
						{"origin": [-1.5, 0, -1], "size": [1, 9, 1], "uv": [28, 42]}
					]
				},
				{
					"name": "leg_left",
					"parent": "lower_body",
					"pivot": [1, 18, -0.5],
					"cubes": [
						{"origin": [0.5, 9, -1], "size": [1, 9, 1], "uv": [40, 43]}
					]
				},
				{
					"name": "foreleg_left",
					"parent": "leg_left",
					"pivot": [1, 9, -0.5],
					"cubes": [
						{"origin": [0.5, 0, -1], "size": [1, 9, 1], "uv": [32, 42]}
					]
				}
			]
		}
	]
}